country,resource,deposit,state_hint,weight,confidence,note
ENG,oil,South Yorkshire coalfield,Yorkshire and the Humber,150,H,largest English coalfield
ENG,oil,Durham & Northumberland coalfield,North East England,120,H,
ENG,oil,South Wales coalfield,Wales,130,H,anthracite
ENG,oil,East Midlands coalfield,East Midlands,110,H,Notts & Derbyshire
ENG,oil,Lancashire coalfield,North West England,80,H,
ENG,oil,Lanarkshire coalfield,Lanark,60,H,Scottish central belt
ENG,oil,Lothian coalfield,Lothian,40,H,
ENG,oil,Staffordshire coalfield,West Midlands,55,H,
ENG,oil,Trinidad oilfields,Trinidad,45,H,genuine 1950 producer
ENG,steel,Sheffield steel,Yorkshire and the Humber,160,H,
ENG,steel,South Wales steel,Wales,140,H,Ebbw Vale & Port Talbot
ENG,steel,Teesside & Consett,North East England,120,H,
ENG,steel,Lanarkshire steel,Lanark,70,H,Motherwell
ENG,steel,Birmingham metal trades,West Midlands,80,H,
ENG,steel,Corby & Northants ironstone,East Midlands,70,H,
ENG,steel,Marampa iron ore,Freetown,60,H,Sierra Leone iron ore
ENG,steel,Lancashire engineering,North West England,50,M,
ENG,aluminium,Kinlochleven & Fort William smelters,Scottish Highlands,60,H,hydro aluminium
ENG,aluminium,Cornish tin,Cornwall,25,H,South Crofty
ENG,aluminium,Malayan tin transit,Penang,15,M,
ENG,tungsten,Scottish Highlands minor,Scottish Highlands,10,L,low confidence
ENG,tungsten,Sierra Leone alluvials,Freetown,20,M,
ENG,chromium,minor,Cornwall,10,L,placeholder - Britain mined no uranium
CAN,aluminium,Sudbury nickel,Sudbury,220,H,Canada ~85% of world nickel
CAN,aluminium,Arvida aluminium smelter,Ville de Québec,150,H,Saguenay hydro
CAN,aluminium,Kitimat & BC smelting,Prince George,50,M,
CAN,aluminium,Trail zinc-lead,Kamloops,60,H,Kootenay smelter
CAN,aluminium,Thunder Bay base metals,Thunder Bay,40,M,
CAN,tungsten,Timmins & Kirkland Lake gold,Sudbury,140,H,Ontario gold belt
CAN,tungsten,Val d Or gold,Nord-du-Québec,90,H,Abitibi belt
CAN,tungsten,Red Lake gold,Thunder Bay,70,H,
CAN,tungsten,Yellowknife gold,Northwest Territories,45,H,
CAN,tungsten,Yukon placer,Yukon,25,M,
CAN,chromium,Port Radium uranium,Northwest Territories,120,H,Great Bear Lake
CAN,chromium,Beaverlodge & Uranium City,La Ronge,110,H,Saskatchewan
CAN,steel,Hamilton steel,Golden Horseshoe,120,H,Stelco and Dofasco
CAN,steel,Sudbury copper,Sudbury,70,H,
CAN,steel,Wabana & Quebec iron,Côte-Nord,40,M,
CAN,steel,BC copper,Kamloops,30,M,
CAN,oil,Leduc oilfield,Edmonton,90,H,discovered 1947
CAN,oil,Turner Valley,Calgary,55,H,
CAN,oil,Cape Breton coal,Nova Scotia,60,H,
CAN,oil,Athabasca oil sands,Fort McMurray,10,L,not commercial until 1967
FRA,oil,Nord-Pas-de-Calais coalfield,Nord-Pas-de-Calais,180,H,principal French coalfield
FRA,oil,Lorraine coal basin,Lorraine,120,H,
FRA,oil,Massif Central coal,Auvergne,45,M,
FRA,oil,Loire coal basin,Rhône-Alpes,40,M,Saint-Etienne
FRA,steel,Briey-Longwy iron ore,Lorraine,260,H,dominant French iron basin
FRA,steel,Nord steel works,Nord-Pas-de-Calais,110,H,
FRA,steel,Le Creusot & Burgundy,Bourgogne,50,M,
FRA,steel,Pyrenean metallurgy,Midi-Pyrénées,40,M,
FRA,aluminium,Les Baux bauxite,Provence-Alpes-Côte d'Azur,140,H,bauxite is named for Les Baux
FRA,aluminium,Herault bauxite,Languedoc-Roussillon,80,H,
FRA,aluminium,Alpine aluminium smelters,Rhône-Alpes,90,H,hydro
FRA,aluminium,Pyrenean smelters,Midi-Pyrénées,40,M,
FRA,tungsten,Limousin gold and tungsten,Limousin,20,M,Salsigne area
FRA,chromium,New Caledonia laterite,New Caledonia,20,L,placeholder
WGR,oil,Ruhr coalfield,Nordrhein,300,H,largest coalfield in Europe
WGR,oil,Westphalian coal,Westfalen,180,H,
WGR,oil,Lower Saxony oil and coal,Niedersachsen,90,H,Nienhagen oilfield
WGR,steel,Ruhr steel,Nordrhein,320,H,Krupp Thyssen
WGR,steel,Westphalian steel,Westfalen,170,H,
WGR,steel,Salzgitter iron ore,Niedersachsen,120,H,
WGR,steel,Osnabruck ironworks,Osnabruck,45,M,
WGR,aluminium,Rhineland smelting,Nordrhein,40,M,
WGR,tungsten,minor,Westfalen,10,L,placeholder
DDR,oil,Central German lignite,Halle,180,H,Leuna and Bitterfeld
DDR,oil,Lusatian lignite,Cottbus,150,H,
DDR,oil,Leipzig lignite,Leipzig,110,H,
DDR,oil,Magdeburg lignite,Magdeburg,50,M,
DDR,chromium,Wismut Aue and Schlema,Karl-Marx-Stadt,180,H,principal Soviet-bloc uranium
DDR,chromium,Ronneburg uranium,Gera,120,H,
DDR,chromium,Erzgebirge uranium,Dresden,60,H,
DDR,steel,Eisenhuttenstadt,Frankfurt,70,H,EKO steelworks
DDR,steel,Erzgebirge ores,Karl-Marx-Stadt,60,H,
DDR,steel,Magdeburg heavy industry,Magdeburg,50,M,
DDR,aluminium,Bitterfeld aluminium,Halle,40,M,
DDR,tungsten,Erzgebirge tin and tungsten,Karl-Marx-Stadt,30,H,Altenberg
JAP,oil,Ishikari coalfield,Hokkaido,150,H,largest Japanese coalfield
JAP,oil,Chikuho coalfield,Fukuoka-Kitakyushu,140,H,
JAP,oil,Kyushu southern coal,Higrashi-Kyushu,70,H,
JAP,oil,Takashima and Hashima,Nagasaki,50,H,undersea coal
JAP,steel,Yawata steel works,Fukuoka-Kitakyushu,190,H,Japan's largest
JAP,steel,Keihanshin heavy industry,Keihanshin,110,H,
JAP,steel,Chukyo industry,Chukyo,80,H,Nagoya
JAP,steel,Muroran steel,Hokkaido,70,H,
JAP,steel,Hiroshima industry,Hiroshima,45,M,
JAP,aluminium,Japanese light metals,Keihanshin,40,M,
JAP,tungsten,Akenobe and Ikuno,Kita-Kansai,25,M,
SAF,tungsten,Witwatersrand main reef,Gauteng,420,H,largest goldfield on earth
SAF,tungsten,Free State goldfields,Free State,160,H,Welkom opened 1951
SAF,tungsten,Klerksdorp goldfield,North West,110,H,
SAF,tungsten,Barberton goldfield,Mpumalanga,60,H,
SAF,tungsten,Bushveld platinum,Limpopo,90,H,
SAF,chromium,Witwatersrand uranium from gold tailings,Gauteng,200,H,SA uranium is a gold byproduct
SAF,chromium,Free State uranium,Free State,60,H,
SAF,aluminium,Bushveld chromite,Limpopo,120,H,
SAF,aluminium,Rustenburg chrome,North West,90,H,
SAF,aluminium,Northern Cape base metals,Northern Cape,60,M,
SAF,steel,Kalahari manganese and Sishen iron,Northern Cape,90,H,
SAF,steel,Vereeniging and Pretoria steel,Gauteng,70,H,Iscor
SAF,steel,Transvaal ores,Mpumalanga,40,M,
DOC,chromium,Shinkolobwe uranium,Élisabethville,420,H,Katanga - Manhattan Project ore
DOC,chromium,Katanga secondary deposits,Lualaba,140,H,
DOC,steel,Katanga copper belt,Élisabethville,220,H,Union Miniere
DOC,steel,Kolwezi copper,Lualaba,150,H,
DOC,steel,Kipushi zinc-lead,Haut-Lomami,60,H,
DOC,aluminium,Katanga cobalt and zinc,Élisabethville,150,H,world's main cobalt source
DOC,aluminium,Kolwezi cobalt,Lualaba,90,H,
DOC,tungsten,Kasai industrial diamonds,Kasai,120,H,
DOC,tungsten,Maniema tin and coltan,Maniema,70,H,
DOC,tungsten,Katanga byproducts,Élisabethville,40,M,
