country,state_id,state_name
AFG,267,Nangarhar
AFG,415,Herat
AFG,1121,Badakhshan
AFG,1209,Paktia
AFG,1210,Nimruz
AFG,1211,Farah
AFG,1213,Balkh
AFG,1214,Ghor
AFG,1216,Kandahar
AFG,1218,Badghis
AFG,1322,Daykundi
AFG,1323,Parwan
AFG,1324,Ghazni
AFG,1333,Pamir Mountains
AFG,1858,Maidan Wardak
AFG,1859,Kabul
AFG,1860,Paktika
AFG,1861,Bamyan
AFG,1862,Qalat
AFG,1863,Lashkargah
AFR,1100,Afar
AFR,1907,Gobaad
AFR,1915,Dire Dawa
AJM,1943,Ajman
ALB,44,Tirana
ALB,1012,Vlore
ALB,1480,Lezhe
ALB,1481,Elbasan
ANR,1933,Andorra
ARA,1186,Arakan
ARG,278,Buenos Aires
ARG,508,Tucuman
ARG,509,Santiago del Estero
ARG,510,Santa Fe
ARG,511,Mendoza
ARG,512,Chubut Territory
ARG,824,Entre Ríos
ARG,829,Tierra del Fuego Territory
ARG,1016,Formosa Territory
ARG,1045,La Pampa Territory
ARG,1046,Córdoba
ARG,1078,Rio Negro Territory
ARG,1083,Santa Cruz Territory
ARG,1667,Salta
ARG,1668,San Juan
ARG,1818,Corrientes
ARG,1819,Chaco Territory
ARG,1820,San Luis
ARG,1821,Neuquén
ARG,1822,La Rioja
ARG,1823,Catamarca
ARG,1824,Misiones
ARG,1825,Jujuy
ARG,1843,CABA
AST,285,New South Wales
AST,517,Victoria
AST,518,Tasmania
AST,519,South Australia
AST,520,Northern Territory
AST,521,Queensland
AST,522,Western Australia
AST,523,Zuidwest Nieuw-Guinea
AST,674,Australian Capital Territory
AST,725,Nauru
AST,737,New Britain
AST,878,Norfolk Island
AST,976,Bougainville
AST,1170,Momase
BAR,246,Choma
BAR,1441,Mongu
BAR,1442,Solwezi
BAR,1890,Mumbwa
BAV,50,Württemberg-Baden
BAV,52,Oberbayern
BAV,54,Bremen
BAV,55,Kassel
BAV,742,West-Berlin
BAV,959,Franken
BAV,1627,Niederbayern
BAV,1630,Darmstadt
BCP,1558,Pyay
BCR,1105,Southern Cameroons
BCR,1106,Northern Cameroons
BEL,6,Brussels
BEL,34,Wallonie
BEL,57,Hainaut
BEL,958,South Brabant
BEL,1507,Flanders
BHR,1051,Sakhir
BHR,1164,Manama
BHU,324,Thimphu
BHU,1069,Punakha
BHU,1898,Kula Khari and Tibet Monasteries
BLZ,311,Belize
BLZ,1841,Cayo
BOL,302,La Paz
BOL,487,Santa Cruz
BOL,1528,Pando
BOL,1529,Potosi
BOL,1530,Tarija
BOL,1826,Cochabamba
BOT,146,Serowe
BOT,542,Gaborone
BOT,1448,Ghanzi
BOT,1449,Ngamiland
BRA,280,Mato Grosso
BRA,495,Amazonas
BRA,496,Minas Gerais
BRA,497,Maranhão
BRA,498,Rio Grande do Norte
BRA,499,Bahia
BRA,500,Rio de Janeiro
BRA,501,São Paulo
BRA,502,Rio Grande do Sul
BRA,503,Santa Catarina
BRA,504,Mato Grosso do Sul
BRA,505,Goiás
BRA,749,Paraná
BRA,981,Planaltina
BRA,1013,Tocantins
BRA,1064,Acre
BRA,1104,Pará
BRA,1550,Amapa
BRA,1551,Rio Branco Territory
BRA,1552,Pernambuco
BRA,1844,Distrito Federal
BRA,1845,Espirito Santo
BRA,1846,Sergipe
BRA,1847,Alagoas
BRA,1848,Paraiba
BRA,1849,Ceara
BRA,1850,Piaui
BRA,1851,Rondonia
BRM,288,Rangoon
BRM,640,Kachin
BRM,787,Mong Hsat
BRM,788,Kengtung
BRM,1190,Shan
BRM,1212,Tanintharyi
BRM,1259,Mandalay
BRM,1260,Chin
BRM,1261,Sagaing
BRM,1262,Magway
BRM,1817,Northern Kachin
BRM,1896,Bupak Ga
BRU,783,Brunei
BTG,926,Volta
BTG,1395,Gonja
BUL,48,Sofia
BUL,77,Varna
BUL,211,Burgas
BUL,212,Plovdiv
BUL,909,Lovech
BUL,922,Razgrad
BUL,1208,Blagoevgrad
BUL,1474,Mihaylovgrad
BUL,1475,Haskovo
BUT,2037,Buton
CAM,741,Phnom Penh
CAM,840,Stung Treng
CAM,984,Battambang
CAM,985,Kampot
CAM,1751,Kratie
CAM,1797,Kampong Thom
CAM,1798,Pursat
CAM,1799,Svay Rieng
CAM,1800,Kampong Chhnang
CAM,1801,Takeo
CAM,1802,Prey Veng
CAM,1803,Kampong Cham
CAM,1899,Preah Sihanouk
CAM,1900,Siem Reap
CAM,1901,Mondulkiri
CAM,1902,Pailin
CAM,1903,Tboung Khmum
CAN,276,Ottawa
CAN,464,Nova Scotia
CAN,465,New Brunswick
CAN,466,Ville de Québec
CAN,467,Winnipeg
CAN,468,Prince Edward Island
CAN,469,Saskatoon
CAN,470,Calgary
CAN,471,Yukon
CAN,472,Northwest Territories
CAN,473,Vancouver
CAN,682,Golden Horseshoe
CAN,683,Nunavut
CAN,739,Queen Charlotte Islands
CAN,740,Vancouver Island
CAN,1610,Kamloops
CAN,1611,Prince George
CAN,1612,Thunder Bay
CAN,1613,Sudbury
CAN,1614,Kitchener-Waterloo
CAN,1615,Simcoe
CAN,1616,La Ronge
CAN,1617,Churchill
CAN,1618,Edmonton
CAN,1619,Fort McMurray
CAN,1620,Côte-Nord
CAN,1621,Gaspésie
CAN,1622,Nord-du-Québec
CAN,1623,Montreal
CAN,1624,Laurentides
CCC,286,Gia Dinh
CCC,983,Can Tho
CCC,1285,Tay-Nam Phan
CCC,1753,Phu Quoc
CCC,1754,Phuoc Tuy
CCC,1755,Dong Nam Phan
CHI,283,Lanzhou
CHI,287,Korla
CHI,325,Yunnan
CHI,524,Taichung
CHI,591,Hainan
CHI,592,Guangdong
CHI,593,Taipei
CHI,594,Guangxi
CHI,595,Fujian
CHI,600,East Jiangxi
CHI,601,Chongqing
CHI,602,East Hunan
CHI,603,Guizhou
CHI,604,Haixi
CHI,605,Leshan
CHI,612,Alshaa
CHI,613,Shanghai
CHI,616,Ningxia
CHI,617,Urumqi
CHI,619,Kashgar
CHI,621,Hohhot
CHI,873,Aksai Chin
CHI,1006,Fujian-Jincheng
CHI,1326,West Yunnan
CHI,1338,Himalayas
CHI,1359,Tanggula
CHI,1547,Gaoxiong
CHI,1557,Liangshan
CHI,1569,Pearl River Delta
CHI,1575,West Hunan
CHI,1576,West Fujian
CHI,1577,West Guangdong
CHI,1578,Beihai
CHI,1579,West Jiangxi
CHI,1648,Hualien
CHI,1666,Zhejiang-Dachen
CHI,1786,Hanzhong
CHI,1787,Lungtung
CHI,1790,Pingyuan
CHI,1793,West Hubei
CHI,1865,Hami
CHI,1866,Turpan
CHI,1867,Changji
CHI,1868,Karasahr
CHI,1869,Aksu
CHI,1870,Kezhou
CHI,1871,Hotan
CHI,1883,Southern Gobi
CHI,1978,Chengdu
CHI,1988,Diqing
CHI,1989,Gannan
CHI,1990,Golog
CHI,1991,Huangnan
CHI,1992,Tsolho
CHI,1994,Xining
CHI,1995,Haibei
CHI,2014,Pingxiang
CHI,2015,Guanghan
CHI,2029,Chohchiang
CHI,2030,Cherchen
CHI,2031,North Guangxi
CHI,2032,Penghu Islands
CHI,2033,Jiuquan
CHI,2034,Zhangye
CHI,2035,Pingliang
CHK,1927,Kangding
CHL,279,Santiago
CHL,506,Antofagasta
CHL,507,Aisen
CHL,1086,Arica
CHL,1087,Tarapaca
CHL,1088,Atacama
CHL,1089,Coquimbo
CHL,1090,Valparaiso
CHL,1091,Maule
CHL,1092,Bio Bio
CHL,1093,Los Lagos
CHL,1094,Magallanes
CHL,1134,Easter Island
CMR,768,Douala
CMR,816,Yaounde
CMR,817,Maroua
CMR,1413,Bamileke
CMR,1414,Ebolowa
CMR,1512,Bertoua
COL,306,Cundinamarca
COL,486,Meta
COL,493,La Libertad
COL,1533,Guainia
COL,1534,Amazonas
COL,1535,Cauca
COL,1536,Choco
COL,1537,Antioquia
COL,1538,Bolivar
COL,1833,Tolima
COL,1834,Santander
COL,1998,Bogota
COL,1999,Boyaca
COL,2000,Vaupes
COL,2001,La Primavera
COL,2002,Cumaribo
COL,2003,Casanare
COL,2004,Caqueta
COL,2005,Putumayo
COL,2006,Quindío
COL,2007,Huila
COL,2008,Valle del Cauca
COL,2009,Bajo Cauca
COL,2010,Córdoba
COL,2011,Norte de Santander
COL,2012,Magdalena
COL,2013,La Guajira
COS,316,San Jose
COS,1514,Alajuela
COS,1810,Puntarenas
CPB,1263,Ayeyarwady
CUB,315,Havana
CUB,1110,Isla de Pinos
CUB,1111,Oriente
CUB,1112,Sierra Maestra
CUB,1113,Camaguey
CUB,1114,Las Villas
CUB,1115,Bay of Pigs
CUB,1116,Pinar del Rio
CUB,1769,Matanzas
CUB,1809,Playa Las Coloradas
CZE,9,Stredocesky kraj
CZE,69,Jihocesky kraj
CZE,70,Severocesky kraj
CZE,71,Stredné Slovensko
CZE,72,Západocesky kraj
CZE,74,Severomoravsky kraj
CZE,75,Jihomoravsky kraj
CZE,664,Vychodné Slovensko
CZE,1117,Západné Slovensko
CZE,1473,Vychodocesky kraj
DDR,60,Suhl
DDR,61,Rostock
DDR,62,Halle
DDR,64,Frankfurt
DDR,65,Dresden
DDR,744,Ost-Berlin
DDR,1347,Schwerin
DDR,1348,Neubrandenburg
DDR,1349,Magdeburg
DDR,1350,Potsdam
DDR,1351,Erfurt
DDR,1352,Gera
DDR,1353,Karl-Marx-Stadt
DDR,1354,Leipzig
DDR,1355,Cottbus
DEN,37,Kobenhavn
DEN,99,Midtjylland
DEN,101,Greenland
DEN,337,Faroe Islands
DEN,776,Nordjylland
DEN,1023,Syddanmark
DEN,1146,Sjaelland
DEN,1670,Gronlands indlandsis
DEN,1764,Bornholm
DER,1929,Derge
DOC,295,Kongo Central
DOC,538,Élisabethville
DOC,718,Sud-Kivu
DOC,820,Bandundu
DOC,821,Kasai-Oriental
DOC,822,Maniema
DOC,823,Équateur
DOC,826,Nord-Kivu
DOC,827,Orientale
DOC,908,Kasai-Central
DOC,1207,Sud-Kasai
DOC,1422,Mai-Ndombe
DOC,1423,Kasai
DOC,1424,Tshopo
DOC,1425,Bas-Uele
DOC,1426,Tshuapa
DOC,1427,Ubangi
DOC,1428,Tanganika
DOC,1429,Haut-Lomami
DOC,1430,Lualaba
DOM,319,Higuey
DOM,1159,Sur
DOM,1160,Cibao
DOM,1524,Samana
DOM,1525,Santo Domingo
DRY,898,Lahij
DRY,1237,Hadhramaut
DUB,1165,Dubai
ECU,305,Esmeraldas
ECU,490,Guayas
ECU,649,Galápagos Islands
ECU,1526,Pastaza
ECU,1527,Quito
EGY,446,al-Qahira
EGY,447,Al Iskandariyah
EGY,452,Matruh
EGY,453,Janub Saina
EGY,456,Sohag
EGY,457,Al Bahr Al Ahmar
EGY,552,Al Wadi Al Jadid
EGY,801,Gaza
EGY,805,Shamal Saina
EGY,806,El Minya
EGY,807,El Giza
EGY,1674,Nile Delta
ELS,314,San Salvador
ELS,1515,San Miguel
ELS,1835,Chalatenango
ELS,1836,Santa Ana
ELS,1837,Usulutan
ENG,116,Malta
ENG,118,Gibraltar
ENG,119,Northern Ireland
ENG,120,Scottish Highlands
ENG,121,Lothian
ENG,122,Wales
ENG,123,South West England
ENG,125,East of England
ENG,126,Greater London
ENG,127,South East England
ENG,128,West Midlands
ENG,129,East Midlands
ENG,130,Yorkshire and the Humber
ENG,131,North East England
ENG,132,North West England
ENG,133,Lanark
ENG,136,Aberdeenshire
ENG,164,Notíou Aiyaiou
ENG,183,Greek Cyprus
ENG,270,Pitcairn Islands
ENG,273,Kufra
ENG,299,Falkland Islands
ENG,308,Saint Kitts
ENG,422,Ceylon
ENG,448,Tripoli
ENG,449,Jabal al Akhdar
ENG,450,Benghazi
ENG,451,Derna
ENG,550,Asmara
ENG,559,Banaadir
ENG,634,Solomon Islands
ENG,636,Fiji
ENG,639,Gilbert Islands
ENG,643,Ellice Islands
ENG,659,Aden
ENG,661,Nuqat al Khams
ENG,662,Sirte
ENG,663,Al Wahat
ENG,687,Demerara-Mahaica
ENG,689,Surrey
ENG,690,Bahamas
ENG,691,Trinidad
ENG,692,Grenada
ENG,693,Turks and Caicos Islands
ENG,696,Bermuda
ENG,700,Freetown
ENG,701,Banjul
ENG,703,Ascension Island
ENG,704,Saint Helena
ENG,706,Réunion
ENG,707,Mauritius
ENG,709,Seychelles
ENG,710,Diego Garcia
ENG,720,South Georgia
ENG,727,Kiritimati
ENG,733,Andaman and Nicobar
ENG,734,Santa Cruz Islands
ENG,743,Suez
ENG,755,Eilat
ENG,758,Steiermark
ENG,773,Maseru
ENG,781,Ahmar Falasteen
ENG,789,Butnan
ENG,794,Koonfur-Galbeed
ENG,800,Haifa
ENG,803,Beersheba
ENG,880,Puntland
ENG,896,Tamil Eelam
ENG,912,Turkish Cyprus
ENG,915,Akrotiri and Dhekelia
ENG,921,West Jerusalem
ENG,924,Malacca
ENG,963,Channel Islands
ENG,988,Galmudug
ENG,994,Galilee
ENG,999,Kärnten
ENG,1000,Assab
ENG,1047,Isle of Man
ENG,1053,Tristan da Cunha
ENG,1054,Kenema
ENG,1125,Tortola
ENG,1128,Penang
ENG,1158,Hirshabelle
ENG,1163,Cayman Islands
ENG,1202,Esequiba
ENG,1203,East Berbice-Corentyne
ENG,1219,Barbados
ENG,1220,Saint Vincent
ENG,1221,Saint Lucia
ENG,1222,Tobago
ENG,1224,Dominica
ENG,1225,Antigua
ENG,1226,Montserrat
ENG,1239,Socotra
ENG,1240,Jubaland
ENG,1243,Anguilla
ENG,1279,Port Said
ENG,1297,Jezreel
ENG,1303,Qalb Falasteen
ENG,1304,Anseba
ENG,1319,Simonstown
ENG,1375,Upper Gambia
ENG,1385,Makeni
ENG,1456,Teyateyaneng
ENG,1520,Middlesex
ENG,1521,Cornwall
ENG,1771,Kandy
ENG,1772,Galle
ENG,1977,Tigri
ETH,271,Adis Abeba
ETH,871,Harar
ETH,1084,Metekel
ETH,1095,Shabelle
ETH,1098,Hadiya
ETH,1099,Tigray
ETH,1101,Gondar
ETH,1199,Shewa
ETH,1294,Gambela
ETH,1881,Haud
ETH,1906,West Tigray
ETH,1908,West Gondar
ETH,1909,Agew Awi
ETH,1910,Wag Hemra
ETH,1911,Wollo
ETH,1912,North
ETH,1913,Gojjam
ETH,1914,Asosa
ETH,1916,Afder
ETH,1917,Bale
ETH,1918,Arsi
ETH,1919,Hararghe
ETH,1920,Guji
ETH,1921,Welega
ETH,1922,Jimmi
ETH,1923,Sidama
ETH,1924,Keffa
ETH,1925,Wolayita
FIN,111,Uusimaa
FIN,145,Åland
FIN,147,Kainuu
FIN,148,Lappi
FIN,149,Pohjanmaa
FIN,150,Pohjois-Savo
FIN,1026,Pohjois-Karjala
FIN,1027,Etelä-Karjala
FIN,1028,Etelä-Savo
FIN,1030,Keski-Suomi
FIN,1031,Pohjois-Pohjanmaa
FIN,1036,Varsinais-Suomi
FRA,1,Corsica
FRA,14,Bretagne
FRA,15,Basse-Normandie
FRA,16,Ile-de-France
FRA,17,Franche-Comte
FRA,18,Champagne-Ardenne
FRA,19,Aquitaine
FRA,20,Lorraine
FRA,21,Provence-Alpes-Côte d'Azur
FRA,22,Languedoc-Roussillon
FRA,23,Poitou-Charentes
FRA,24,Centre-Val de Loire
FRA,25,Limousin
FRA,26,Auvergne
FRA,27,Bourgogne
FRA,28,Alsace
FRA,29,Picardie
FRA,30,Pays de la Loire
FRA,31,Midi-Pyrénées
FRA,32,Rhône-Alpes
FRA,33,Haute-Normandie
FRA,153,Tirol
FRA,268,Djibouti
FRA,310,Guyane
FRA,320,Pondicherry
FRA,459,Algiers
FRA,460,Constantine
FRA,513,Oran
FRA,514,El Oued
FRA,635,New Caledonia
FRA,641,Society Islands
FRA,694,Guadeloupe
FRA,708,Comoros
FRA,713,Kerguelen Islands
FRA,730,Saint Pierre and Miquelon
FRA,735,Nord-Pas-de-Calais
FRA,775,Fezzan-Ghadames
FRA,796,Mayotte
FRA,857,Wallis and Futuna
FRA,997,Paracel Islands
FRA,1075,Vorarlberg
FRA,1147,Bechar
FRA,1148,Adrar
FRA,1149,Tamanghasset
FRA,1151,Ouargla
FRA,1152,Blida
FRA,1153,Naama
FRA,1154,El Bayadh
FRA,1156,Laghouat
FRA,1157,Djelfa
FRA,1161,Saint Martin
FRA,1223,Martinique
FRA,1228,New Hebrides
FRA,1238,Mers El Kébir
FRA,1586,Tlemcen
FRA,1587,Bouira
FRA,1588,Boumerdes
FRA,1589,Biskra
FRA,1804,Con Island
FRA,1856,Trinquet Line Zone
FRA,1931,Kel Ahaggar
FRA,1966,Tadjourah
FRE,786,Dong Bang Song Hong
FRE,1760,Hanoi
FUJ,1946,Fujairah
FUL,982,Lower Trung Phan Highland
FUL,1286,Upper Trung Phan Highland
FUL,1757,Da Lat
GER,42,Rheinland
GER,53,Saarland
GER,1043,Württemberg-Hohenzollern
GER,1254,Südbaden
GER,1628,Pfalz
GHA,274,Greater Accra
GHA,599,Ashanti
GHA,1193,Tamale
GHA,1393,Wa
GHA,1394,Cape Coast
GRE,47,Attikí
GRE,182,Kríti
GRE,184,Anatolikí Makedonía kai Thráki
GRE,185,Ípeiros
GRE,186,Peloponnese
GRE,187,Vorio Aiyaio
GRE,731,Makedonía
GRE,790,Ditikí Elláda
GRE,977,Thessalía
GRE,1063,Kyklades
GRE,1248,Ioníon Níson
GRE,1249,Stereá Elláda
GUA,313,Guatemala
GUA,1320,Petén
GUA,1321,Alta Verapaz
HAI,318,Port-au-Prince
HAI,1070,Artibonite
HAI,1522,Les Cayes
HAI,1523,Hinche
HAI,2067,Ouest
HOK,326,Hong Kong
HOL,7,North Holland
HOL,35,North Brabant
HOL,36,Friesland
HOL,695,Curacao
HOL,1162,Sint Maarten
HOL,1270,Aruba
HOL,1271,Utrecht
HOL,1504,Gelderland
HOL,1505,Limburg
HOL,1506,South Holland
HON,312,Tegucigalpa
HON,1516,Olancho
HON,1517,Cortes
HOR,1930,Garze
HUK,872,Nueva Ecija
HUK,1949,Tarlac
HUK,1950,Bulacan
HUK,1952,Pampanga
HUK,1959,Rizal
HUM,1855,Southern Paracel Islands
HUN,43,Budapest
HUN,154,Debrecen
HUN,155,Szekesfehervar
HUN,1268,Miskolc
HUN,1269,Pécs
HUN,1478,Gyor
HUN,1479,Szeged
ICE,100,Iceland
ICE,1258,Vatnajökull
ICE,1904,Vestfirðir
ICE,1905,Suðurnes
INO,830,Aceh
INO,831,Padangsidempuan
INO,832,Riau
INO,833,Sumatera Barat
INO,834,Lampung
INO,835,Bengkulu
INO,836,Djambi
INO,843,Bantam
INO,1979,Banda Aceh
INO,1981,Semarang
INS,668,Maluku
INS,673,Sulawesi Tengah
INS,738,Maluku Utara
INS,851,Bali
INS,852,Lombok en Sumbawa
INS,853,Sulawesi Selatan
INS,854,Sulawesi Barat
INS,855,Sulawesi Tenggara
INS,856,Sulawesi Utara
INS,986,Aru Islands
INS,1130,Gorontalo
INS,2039,Sumba
INS,2040,Lembata and Alor
INS,2041,Timor Barat
IRE,113,Leinster
IRE,134,Connaught
IRE,135,Munster
IRE,1142,Dublin
IRQ,291,Baghdad
IRQ,675,Al Anbar
IRQ,676,Mosul
IRQ,811,Kirkuk
IRQ,812,Karbala
IRQ,813,Basrah
IRQ,938,Erbil
IRQ,939,Sulaymaniyah
IRQ,940,Baqubah
IRQ,941,Tikrit
IRQ,942,Muthanna
IRQ,943,Kut
IRQ,944,Babil
IRQ,945,Amara
IRQ,946,Najaf
IRQ,948,Muntafak
IRQ,1649,Samarra
IRQ,1650,Sinjar
IRQ,1651,Tel Afar
IRQ,1652,Qayyarah
IRQ,1653,Nineveh Plains
IRQ,1654,Lalish
IRQ,1655,Akre
IRQ,1656,Al-Baaj
IRQ,1657,Makhmur
IRQ,1658,Duhok
IRQ,1659,Soran
IRQ,1660,Tooz
IRQ,1661,Kifri
IRQ,1662,Halabja
IRQ,1663,Pshdar
IRQ,1664,Dibis
IRQ,1665,Al-Hawija
ISR,454,Tel Aviv
ISR,1296,West Negev
ITA,2,Lazio
ITA,39,Trentino-Alto Adige
ITA,114,Sardegna
ITA,115,Sicilia
ITA,117,Campania
ITA,156,Calabria
ITA,157,Abruzzi e Molise
ITA,158,Piemonte
ITA,159,Lombardia
ITA,160,Veneto
ITA,161,Emilia-Romagna
ITA,162,Toscana
ITA,1038,Marche
ITA,1048,Friuli-Venezia Giulia
ITA,1136,Liguria
ITA,1189,Valle d'Aosta
ITA,1255,Puglia
ITA,1256,Basilicata
ITA,1257,Umbria
JAP,282,Tokyo Metropolitan Area
JAP,528,Higrashi-Kyushu
JAP,529,Hokusei-Chugoku
JAP,530,Shikoku
JAP,531,Kita-Kansai
JAP,532,Chuo-Tokai
JAP,533,Tohoku
JAP,534,Hokuriku
JAP,535,Koshinetsu
JAP,536,Hokkaido
JAP,1596,Matsuyama
JAP,1597,Sendai
JAP,1598,Fukushima
JAP,1599,Chukyo
JAP,1600,Ibaraki
JAP,1601,Shizuoka
JAP,1602,Kagoshima
JAP,1603,Nagasaki
JAP,1604,Kumamoto
JAP,1605,Fukuoka-Kitakyushu
JAP,1606,Okayama
JAP,1607,Hiroshima
JAP,1608,Keihanshin
JAP,1609,Minami-Kansai
JAP,1625,Saitama
JAP,2036,Kanagawa
JOR,455,Amman
JOR,808,Aqaba
JOR,1032,Hadda
JOR,1278,Irbid
JOR,1298,Maan
JOR,1299,Zarqa
JOR,1300,Mafraq
JOR,1301,Al-Madayrej
JOR,1302,Eastern Bank
JOR,1770,East Jerusalem
KAS,441,Srinagar
KAS,1341,Himalayas
KAS,1342,Himalayas
KAS,1343,Himalayas
KAS,1345,Himalayas
KAS,1346,Himalayas
KAS,1562,Baramulla
KAY,1267,Bago
KEN,547,Mombasa
KEN,966,Nairobi
KEN,1061,Rift Valley
KEN,1290,Northern Frontier District
KEN,1291,Meru
KEN,1292,Nyanza
KEN,1293,Ilemi Triangle
KND,1264,Karen
KNN,1265,Karenni
KOK,1964,Lincang
KOK,1985,Kokang
KOR,525,Kaesong
KOR,717,Dokdo
KOR,750,Seoul
KOR,751,Busan
KOR,752,Jeollanam-do
KOR,753,Gangwon
KOR,754,Chungcheongnam-do
KOR,1004,Jeju
KOR,1076,Gyeongsangnam-do
KOR,1127,Gyeongsangbuk-do
KOR,1356,Ulsan
KOR,1357,Inchon
KOR,1358,Gyeonggi
KOR,1360,Jeollabuk-do
KOR,1362,Chungcheongbuk-do
KOR,1781,Gwangju
KOR,1782,Daegu
KOR,1783,Daejeon
KPA,527,Ryanggang
KPA,745,Pyongannam-do
KPA,746,Hamgyongnam-do
KPA,747,Pyonganbuk-do
KPA,748,Hamgyongbuk-do
KPA,866,Sokcho
KPA,920,Kangwon
KPA,1131,Hwanghaebuk-do
KPA,1205,Chagang
KPA,1778,Nampo
KPA,1779,Pyongyang
KPA,1780,Hwanghaenam-do
KPA,1784,Rason
KUW,656,Al Kuwayt
KUW,1472,Jahra
LAR,667,Larantuka
LEB,553,Mount Lebanon
LEB,1059,South Lebanon
LEB,1062,Baalbek-Hermel
LIB,298,Montserrado
LIB,1109,Harper
LIB,1384,Buchanan
LIB,1962,Nimba
LIB,1965,Grand Cape Mount
LIC,1934,Liechtenstein
LIN,1928,Serxu
LOS,670,Vientiane
LOS,841,Phongsaly
LOS,1187,Champasak
LOS,1191,Khammouane
LOS,1196,Luang Namtha
LOS,1198,Luang Prabang
LOS,1295,Houaphanh
LOS,1750,Savannakhet
LOS,1794,Tran Ninh
LOS,1795,Salavan
LOS,1796,Attapeu
LOS,1993,Cis-Champassak
LOS,1997,Sainyabuli
LUX,8,Luxemburg
MAD,543,Majunga
MAD,815,Tananarive
MAD,828,Tuléar
MAD,1460,Fianarantsoa
MAD,1461,Tamatave
MAL,784,Kuala Lumpur
MAL,791,Pahang
MAL,792,Terengganu
MAL,960,Perak
MAL,1676,Johor
MAL,1891,Perlis
MAL,1892,Kedah
MAL,1893,Kelantan
MAL,1894,N. Sembilan
MAL,1895,Selangor
MCA,729,Macau
MEO,1767,Ha Giang
MEX,277,Mexico
MEX,474,Yucatan
MEX,475,Chiapas
MEX,476,Oaxaca
MEX,477,Veracruz
MEX,478,Jalisco
MEX,479,Tamaulipas
MEX,480,Coahuila
MEX,481,Sinaloa
MEX,482,Chihuahua
MEX,483,Sonora
MEX,484,Baja California
MEX,485,Guerrero
MEX,875,Durango
MEX,876,Nuevo León
MEX,877,Tabasco
MEX,891,San Luis Potosí
MEX,1005,Baja California Sur
MEX,1058,Michoacán
MEX,1542,Nayarit
MEX,1543,Puebla
MEX,1544,Hidalgo
MEX,1545,Guanajuato
MEX,1546,Zacatecas
MEX,1842,Chiapas Highlands
MLD,281,Maldives
MLD,1897,Huvadu Atoll
MLW,770,Lilongwe
MLW,1443,Mzuzu
MLW,1444,Blantyre
MNL,1266,Mon
MNP,869,Manipur
MOC,1935,Monaco
MON,330,Tov
MON,1171,Dornod
MON,1172,Dariganga
MON,1173,Khovd
MON,1174,Uvs
MON,1175,Govi-Altai
MON,1176,Khovsgol
MON,1177,Khenti
MON,1178,Bulgan
MON,1179,Dornogovi
MON,1180,Omnogovi
MON,1181,Bayankhongor
MON,1182,Dundgovi
MON,1183,Arkhangai
MON,1184,Ulaanbaatar
MON,1773,Selenge
MON,1774,Ovorkhangai
MON,1775,Zavkhan
MON,1777,Govisumber
MON,1885,Altai Sum
MOR,461,Rabat
MOR,462,Marrakesh
MOR,1468,Casablanca
MOR,1469,Fez
MOR,1470,Tafilalet
MOR,1471,Agadir
MUS,1888,Upper Mustang
NAN,1926,Yushu
NBO,785,Sabah
NEP,323,Kathmandu
NEP,1024,Sudurpashchim Pradesh
NEP,1986,Karnali
NEP,1987,Dolakha
NFL,331,Newfoundland
NFL,332,Labrador
NGA,558,Benue
NGA,1011,Lagos
NGA,1014,Benin
NGA,1122,Port Harcourt
NGA,1166,Sokoto
NGA,1330,Gombe
NGA,1401,Ebonyi
NGA,1402,Enugu
NGA,1403,Delta State
NGA,1404,Ekiti
NGA,1405,Kano
NGA,1406,Kogi
NIC,317,Managua
NIC,947,Miskito
NIC,1518,Leon
NIC,1519,Matagalpa
NLF,1287,Quang Ngai
NLF,1752,An Xuyen
NOR,110,Oslo
NOR,142,Hordaland
NOR,143,Trondelag
NOR,144,Nordland
NOR,722,Finnmark
NOR,802,Rogaland
NOR,814,Romsdal
NOR,904,Akershus
NOR,956,Troms
NOR,957,Telemark
NOR,980,Oppland
NOR,998,Jan Mayen
NOR,1010,Bouvet Island
NOR,1155,Svalbard
NOR,1227,Hedmark
NUN,1281,Van Don-Quang Ninh
NZL,284,North Island
NZL,723,South Island
NZL,726,Samoa
NZL,1852,Niue
NZL,1853,Cook Islands
NZL,1854,Chatham Island
OMA,294,Muscat
OMA,1008,Musandam
OMA,1080,Dhofar
OMA,1169,Gwadar
PAK,443,Karachi
PAK,1332,Pamir Mountains
PAK,1336,Siachen
PAK,1337,Himalayas
PAK,1339,Himalayas
PAK,1340,Himalayas
PAK,1593,Hyderabad
PAK,1594,Tharparkar
PAK,1595,Sukkur
PAN,304,Panamá
PAN,1513,Veraguas
PAO,1996,Hopong
PAR,301,Asunción
PAR,688,Alto Paraguay
PAR,1531,Alto Parano
PAR,1532,Concepcion
PDG,1672,Western Macedonia
PER,266,Markazi
PER,410,Sistan
PER,411,Esfahan
PER,412,Fars
PER,413,Ahvaz
PER,414,Kerman
PER,416,Khorasan
PER,417,Ilam
PER,418,Semnan
PER,419,Tabriz
PER,420,Gilan
PER,421,Sanandaj
PER,778,Urmia
PER,916,Hamedan
PER,936,Choharmahal
PER,968,Mazandaran
PER,1096,Kohgiluye
PER,1118,Saheli
PER,1327,Boshehr
PER,1328,Abu Musa Islands
PER,1502,Kermanshahan
PER,1503,Lorestan
PER,1838,North Khorasan
PER,1839,Zanjan
PER,1840,Qom
PER,2061,Abadan
PER,2062,Hendijan
PER,2063,Bakhtiari
PER,2064,Ghorveh
PER,2065,Mahabad
PER,2066,Ardabil
PHI,327,Manila
PHI,623,Cagayan
PHI,624,Central Islands
PHI,625,Samar
PHI,626,Palawan
PHI,627,Mindanao
PHI,628,Central Visayas
PHI,1007,Scarborough Shoal
PHI,1675,Panay
PHI,1947,Bataan
PHI,1948,Zambales
PHI,1951,Baler
PHI,1953,Pangasinan
PHI,1954,Ilocos
PHI,1955,Cordillera
PHI,1956,Nueva Vizcaya
PHI,1957,Quezon
PHI,1958,Batangas
PHI,1960,Laguna
PHI,1961,Cavite
POL,5,Olsztynskie
POL,10,Warszawskie
POL,63,Szczecinskie
POL,66,Wroclawskie
POL,67,Katowickie
POL,68,Zielonogorskie
POL,85,Gdanskie
POL,86,Poznanskie
POL,87,Lodzkie
POL,88,Rzeszowskie
POL,90,Krakowskie
POL,92,Lubelskie
POL,97,Bialostockie
POL,98,Kieleckie
POL,795,Dolny Slask
POL,797,Bydgoskie
POL,950,Koszalinske
POR,112,Lisboa
POR,179,Algarve
POR,180,Porto
POR,181,Litoral
POR,296,Bissau
POR,321,Goa
POR,338,Trás-os-Montes
POR,540,Luanda
POR,544,Lourenco Marques
POR,697,Madeira
POR,698,Acores
POR,702,Cape Verde
POR,705,Sao Tomé and Príncipe
POR,879,Daman and Diu
POR,902,Cabinda
POR,979,Uige
POR,1034,Malanje
POR,1035,Lunda
POR,1039,Zaire
POR,1085,Alentejo
POR,1135,Tete
POR,1137,Cabo Delgado
POR,1138,Cuanza Norte
POR,1139,Zambezia
POR,1140,Sofala
POR,1141,Huila
POR,1143,Inhambane
POR,1195,Moxico
POR,1282,Bissora
POR,1283,Catio
POR,1284,Gabu
POR,1310,Cuando Cubango
POR,1311,Huambo
POR,1312,Cunene
POR,1313,Namibe
POR,1314,Benguela
POR,1315,Bie
POR,1316,Bengo
POR,1317,Cuanza Sul
POR,1431,Sao Nicalau
POR,1432,Boa Vista
POR,1458,Manica
POR,1459,Nampula
PRC,328,West Jilin
PRC,596,North Zhejiang
PRC,597,Shandong
PRC,598,South Jiangsu
PRC,606,North Anhui
PRC,607,North Henan
PRC,608,Beijing
PRC,609,Tianjin
PRC,611,Xilingol
PRC,614,Hebei
PRC,615,Shanxi
PRC,620,Hubei
PRC,622,Shaanxi
PRC,714,Heilungkiang
PRC,715,Hsingan
PRC,716,Liaoning
PRC,1325,East Jilin
PRC,1556,North Hebei
PRC,1570,Hulun Buir
PRC,1571,Qingdao
PRC,1572,North Jiangsu
PRC,1573,Middle Jiangsu
PRC,1574,South Zhejiang
PRC,1580,Jiaodong Peninsula
PRC,1785,South Anhui
PRC,1788,North Shandong
PRC,1789,West Liaoning
PRC,1791,South Henan
PRC,1792,Wuhan
PRC,1884,Gobi Tribes
PRU,303,Lima
PRU,491,Loreto
PRU,492,Arequipa
PRU,494,Ucayali
PRU,910,Cusco
PRU,991,Piura
PRU,1025,Tacna
PRU,1133,Provincia de Lima
PRU,1188,Ayacucho
PRU,1827,Puno
PRU,1828,Junin
PRU,1829,Cajamarca
PRU,1830,Ancash
PRU,1831,San Martin
PRU,1832,Huanuco
QAT,780,Doha
QAT,995,Mesaieed
QAT,1044,Al Rayyan
RAJ,423,Tamil Nadu
RAJ,424,Andhra Pradesh
RAJ,425,Karnataka
RAJ,426,Odisha
RAJ,427,Telangana
RAJ,428,Gujarat
RAJ,429,Maharashtra
RAJ,430,Dakha
RAJ,431,West Bengal
RAJ,432,Assam
RAJ,433,Rajahsthan
RAJ,434,Arunachal Pradesh
RAJ,435,Bihar
RAJ,436,Chhattisgarh
RAJ,437,Madhya Pradesh
RAJ,438,Uttar Pradesh
RAJ,439,New Delhi
RAJ,440,Faisalabad
RAJ,442,North-West Frontier Province
RAJ,444,Quetta
RAJ,445,Waziristan
RAJ,728,Lakshadweep
RAJ,779,Gilgit-Baltistan
RAJ,917,Khulna
RAJ,918,Rajshahi
RAJ,919,Chittagong
RAJ,1067,Comilla
RAJ,1068,Mizoram
RAJ,1072,Barisal
RAJ,1073,Sylhet
RAJ,1097,East Punjab
RAJ,1103,Uttarakhand
RAJ,1107,Rangpur
RAJ,1108,Mymensingh
RAJ,1132,Trans-Karakoram
RAJ,1144,Azad Kashmir
RAJ,1217,Kerala
RAJ,1236,Himachal Pradesh
RAJ,1244,Demchok
RAJ,1274,Meghalaya
RAJ,1276,Nagaland
RAJ,1334,Jammu
RAJ,1335,Ladakh
RAJ,1344,Himalayas
RAJ,1555,Parbotto Chottogram
RAJ,1560,Jharkhand
RAJ,1561,Haryana
RAJ,1563,Burzil Pass
RAJ,1564,Jalpaiguri
RAJ,1567,Kalat
RAJ,1568,Chagai
RAJ,1590,Saraikistan
RAJ,1591,Lahore
RAJ,1592,Islamabad
RAS,1945,Ras Al-Khaimah
RCG,515,Bangui
RCG,539,Libreville
RCG,660,Borkou-Tibesti
RCG,767,N'Djamena
RCG,769,Brazzaville
RCG,818,Haute-Kotto
RCG,819,Cuvette
RCG,1057,Pointe-Noire
RCG,1145,Aozou Strip
RCG,1407,Ennedi
RCG,1408,Lac
RCG,1409,Guera
RCG,1410,Sila
RCG,1411,Ouaka
RCG,1412,Bamingui
RCG,1415,Ogooue
RCG,1416,Ngounie
RCG,1417,Koulamoutou
RCG,1418,Ivindo
RCG,1419,Sangha
RCG,1420,Bouenza
RCG,1421,Plateaux
ROH,1559,Maungdaw
ROM,46,Muntenia
ROM,76,Maramures
ROM,79,Galati
ROM,81,Oltenia
ROM,82,Banat
ROM,83,Crisana
ROM,84,Brasov
ROM,927,Dobrogea
ROM,1245,Bucovina
ROM,1246,Secuimea
ROM,1247,Cluj-Mures
ROM,1476,Iasi
ROM,1477,Alba
RWA,825,Bujumbura
RWA,907,Kigali
RWA,1365,Ngozi
RWA,1366,Makamba
RWA,1367,Gisenyi
RWA,1368,Kibungo
RYU,526,Okinawa
RYU,996,Senkaku Islands
RYU,1206,Amami Islands
RYU,1584,Kadena AB
SAF,275,Limpopo
SAF,541,Windhoek
SAF,681,Western Cape
SAF,719,KwaZulu-Natal
SAF,925,Ovamboland
SAF,951,Walvis Bay
SAF,955,Kavangoland
SAF,1229,Northern Cape
SAF,1230,Eastern Cape
SAF,1231,Free State
SAF,1232,North West
SAF,1233,Gauteng
SAF,1234,Mpumalanga
SAF,1450,Hardap
SAF,1451,Ciskei
SAF,1452,Transkei
SAF,1453,Venda
SAF,1454,Mmabatho
SAF,1455,North Sotho
SAG,1889,Sa'gya
SAU,292,Riyadh
SAU,678,Al-Ahsa
SAU,679,Madinah
SAU,913,Al-Qassim
SAU,1017,Ha'il
SAU,1018,Al Jawf
SAU,1019,Tabuk
SAU,1033,Bhar Ammar
SAU,1079,Najran
SAU,1120,Northern Borders
SAU,1123,Asir
SAU,1124,Makkah
SAU,1887,Wadi Sirhan
SAU,2053,Jeddah
SAU,2054,Jizan
SAU,2055,Western Najd
SAU,2056,Rub' al Khali
SAU,2057,Yanbu
SAU,2058,Qatif
SAU,2059,Dammam
SAU,2060,Jubail
SEN,272,Dakar
SEN,556,Abidjan
SEN,557,Nouakchott
SEN,760,Ouémé
SEN,762,Ouagadougou
SEN,763,Bamako
SEN,764,Taoudenit
SEN,765,Niamey
SEN,766,Agadez
SEN,774,Conkary
SEN,839,Borgou
SEN,965,Tiris Zemmour
SEN,1029,Zinder
SEN,1060,Sikasso
SEN,1251,Sassandra-Marahoue
SEN,1252,Yamoussoukro
SEN,1277,Hauts-Bassins
SEN,1369,Kayes
SEN,1370,Segou
SEN,1371,Mopti
SEN,1372,Tombouctou
SEN,1373,Gao
SEN,1374,Menaka
SEN,1376,Ziguinchor
SEN,1377,Tambacounda
SEN,1378,Matam
SEN,1379,Fatick
SEN,1380,Inchiri
SEN,1381,Gorgol
SEN,1382,Assaba
SEN,1383,Tagant
SEN,1386,Boke
SEN,1387,Mamou
SEN,1388,Kankan
SEN,1389,Boucle du Mouhoun
SEN,1390,Sahel
SEN,1391,Woroba
SEN,1392,Savanes
SEN,1398,Donga
SEN,1399,Maradi
SEN,1400,Tahoua
SEN,1932,Kel Aday
SGP,336,Singapore
SGP,711,Christmas Island
SGP,712,Cocos Islands
SHR,1167,Sharjah
SIA,289,Western Thailand
SIA,724,Gulf-Andaman Coastal
SIA,882,Central Thailand
SIA,883,Bangkok
SIA,884,Upper Isan
SIA,1318,Chiang Rai
SIA,1876,Ubon Ratchathani
SIA,1936,Pattani Besar
SIA,1937,Satun-Songkhla
SIA,1938,Trat
SIA,1939,Eastern Thailand
SIA,1940,Lower Isan
SIA,1941,Northern Thailand
SIA,2042,May Hong Son
SIA,2043,Chiang Mai
SIA,2045,Tak
SIK,618,Ili
SIK,1776,Bayan-Olgii
SIK,1864,Altay
SIK,1878,Tacheng
SKK,868,Sikkim
SLU,1984,Sulu
SMI,1102,Oman
SML,269,Berbera
SML,954,Hargeisa
SNM,993,San Marino
SOV,11,Kaunas
SOV,12,Riga
SOV,13,Tallin
SOV,40,Altayskiy Kray
SOV,73,Zakarpatskaya Oblast
SOV,78,Kishinyov
SOV,80,Chernovitskaya Oblast
SOV,89,Stanislavskaya Oblast
SOV,91,Lvovskaya Oblast
SOV,93,Volynskaya Oblast
SOV,94,Brestskaya Oblast
SOV,95,Grodnenskaya Oblast
SOV,96,Vilnyus
SOV,137,Krymskaya Oblast
SOV,152,Ost-Wien
SOV,188,Klaypeda
SOV,189,Telshyay
SOV,190,Liepaya
SOV,191,Tartu
SOV,192,Odesskaya Oblast
SOV,193,Chernigovskaya Oblast
SOV,194,Gomelskaya Oblast
SOV,195,Leningrad
SOV,196,Khersonskaya Oblast
SOV,197,Nikolayevskaya Oblast
SOV,198,Vinnitskaya Oblast
SOV,199,Kamenets-Podolskaya Oblast
SOV,200,Zaporozhskaya Oblast
SOV,201,Zhitomirskaya Oblast
SOV,202,Kiev
SOV,203,Cherkassy
SOV,204,Minskaya Oblast
SOV,205,Kaluzhskaya Oblast
SOV,207,Vitebskaya Oblast
SOV,208,Vyborg
SOV,209,Pskovskaya Oblast
SOV,210,Adzharskaya ASSR
SOV,213,Murmansk
SOV,214,Arkhangelskaya Oblast
SOV,215,Kirovogradskaya Oblast
SOV,216,Karelo-Finskaya SSR
SOV,217,Stalingrad
SOV,218,Rostovskaya Oblast
SOV,219,Moskva
SOV,220,Kurskaya Oblast
SOV,221,Kharkovskaya Oblast
SOV,222,Orlovskaya Oblast
SOV,223,Tulskaya Oblast
SOV,224,Bryanskaya Oblast
SOV,225,Sumskaya Oblast
SOV,226,Dnepropetrovskaya Oblast
SOV,227,Stalinskaya Oblast
SOV,228,Voroshilovgradskaya Oblast
SOV,229,Baku
SOV,230,Yerevan
SOV,231,Tbilisi
SOV,232,Dagestanskaya ASSR
SOV,233,Cherkesskaya AO
SOV,234,Krasnodarskiy Kray
SOV,235,Stavropolskiy Kray
SOV,236,Astrakhanskaya Oblast
SOV,237,Stepnoy
SOV,238,Adygeyskaya AO
SOV,239,Saratovskaya Oblast
SOV,240,Belgorod
SOV,241,Mogilevskaya Oblast
SOV,242,Smolenskaya Oblast
SOV,243,Ternopolskaya Oblast
SOV,244,Moskovskaya Oblast
SOV,245,Severo-Osetinskaya ASSR
SOV,247,Kalininskaya Oblast
SOV,248,Yaroslavskaya Oblast
SOV,249,Tatarskaya ASSR
SOV,250,Ulyanovskaya Oblast
SOV,251,Kuybyshevskaya Oblast
SOV,252,Gorkovskaya Oblast
SOV,253,Ivanovskaya Oblast
SOV,254,Ryazanskaya Oblast
SOV,255,Penzenskaya Oblast
SOV,256,Chuvashskaya ASSR
SOV,257,Tambovskaya Oblast
SOV,258,Lipetsk
SOV,259,Poltavskaya Oblast
SOV,260,Voronezhskaya Oblast
SOV,262,Nenetskiy Natsionalnyy Okrug
SOV,263,Novgorodskaya Oblast
SOV,264,Kabardinskaya ASSR
SOV,265,Nazran
SOV,329,Tuvinskaya AO
SOV,351,Vologodskaya Oblast
SOV,397,Komi ASSR
SOV,398,Molotovskaya Oblast
SOV,399,Udmurtskaya ASSR
SOV,400,Kirovskaya Oblast
SOV,401,Mordovskaya ASSR
SOV,402,Aktyubinskaya Oblast
SOV,403,Tyumenskaya Oblast
SOV,404,Karagandinskaya Oblast
SOV,405,Stalinabadskaya Oblast
SOV,406,Guryevskaya Oblast
SOV,407,Zapadno-Kazakhstanskaya Oblast
SOV,408,Vladivostok
SOV,409,Khabarovskiy Kray
SOV,516,Yuzhno-Kazakhstanskaya Oblast
SOV,537,Yuzhno-Kurilsky
SOV,555,Kurilskiye Ostrova
SOV,560,Shusha
SOV,561,Amurskaya Oblast
SOV,562,Susuman
SOV,563,Chitinskaya Oblast
SOV,564,Buryat-Mongolskaya ASSR
SOV,565,Khakasskaya AO
SOV,566,Irkutskaya Oblast
SOV,567,Kutaisi
SOV,568,Krasnoyarskiy Kray
SOV,569,Kemerovskaya Oblast
SOV,570,Novosibirskaya Oblast
SOV,571,Omskaya Oblast
SOV,572,Chelyabinskaya Oblast
SOV,573,Pavlodarskaya Oblast
SOV,574,Yakutskaya ASSR
SOV,576,Severo-Kazakhstanskaya Oblast
SOV,577,Khanty-Mansiyskiy Natsionalnyy Okrug
SOV,578,Tomskaya Oblast
SOV,579,Yamalo-Nenetskiy Natsionalnyy Okrug
SOV,580,Mariyskaya ASSR
SOV,582,Kurganskaya Oblast
SOV,583,Kustanayskaya Oblast
SOV,584,Ashkhabadskaya Oblast
SOV,585,Bukharskaya Oblast
SOV,586,Frunzenskaya Oblast
SOV,587,Lenkoran
SOV,588,Vostochno-Kazakhstanskaya Oblast
SOV,589,Alma-Atinskaya Oblast
SOV,590,Akmolinskaya Oblast
SOV,610,Lvshun
SOV,637,Kamchatskaya Oblast
SOV,644,Chukotskiy Natsionalnyy Okrug
SOV,651,Bashkirskaya ASSR
SOV,652,Chkalovskaya Oblast
SOV,653,Sverdlovskaya Oblast
SOV,654,Gorno-Altayskaya AO
SOV,655,Sakhalinskaya Oblast
SOV,657,Yevreyskaya AO
SOV,732,Gorno-Badakhshanskaya AO
SOV,798,Kirovabad
SOV,799,Nakhichevanskaya ASSR
SOV,804,Leninabadskaya Oblast
SOV,874,Krasnovodskaya Oblast
SOV,885,Kzyl-Ordinskaya Oblast
SOV,886,Khorezmskaya Oblast
SOV,887,Samarkandskaya Oblast
SOV,888,Tashkentskaya Oblast
SOV,892,Kaliningradskaya Oblast
SOV,911,Kulyabskaya Oblast
SOV,914,Maryyskaya Oblast
SOV,932,Groznenskaya Oblast
SOV,933,Yugo-Osetinskaya AO
SOV,934,Abkhazskaya ASSR
SOV,935,Nagorno-Karabakhskaya AO
SOV,949,Tiraspol
SOV,962,Porkkala
SOV,1020,Rovenskaya Oblast
SOV,1022,Mariyampole
SOV,1037,Sevastopol
SOV,1041,Kuressaare
SOV,1042,Yelgava
SOV,1049,Daugavpils
SOV,1052,Narva
SOV,1119,Niederösterreich
SOV,1150,Burgenland
SOV,1215,Chardzhouskaya Oblast
SOV,1235,Komrat
SOV,1331,Spitsbergen
SOV,1811,Koryakskiy Natsionalnyy Okrug
SOV,1812,Ust-Ordynskiy Buryat-Mongolskiy NO
SOV,1813,Aginskiy Buryat-Mongolskiy NO
SOV,1814,Kostromskaya Oblast
SOV,1815,Vladimirskaya Oblast
SOV,2068,Ostrov Vrangelya
SOV,2069,Novaya Zemlya
SOV,2070,Evenkiyskiy Natsionalnyy Okrug
SOV,2071,Taymyrskiy Natsionalnyy Okrug
SOV,2072,Murmanskaya Oblast
SOV,2073,Pechenga
SOV,2074,Alakurtti
SOV,2075,Akhaltsikhe
SOV,2076,Okhotsk
SOV,2077,Leningradskaya Oblast
SOV,2078,Paide
SOV,2079,Valmiera
SOV,2080,Zeya
SOV,2081,Kokchetavskaya Oblast
SOV,2082,Okha
SOV,2083,Erzin
SOV,2084,Atbasar
SOV,2085,Krasnyy Kut
SOV,2086,Kievskaya Oblast
SOV,2087,Semipalatinskaya Oblast
SOV,2088,Stalingradskaya Oblast
SOV,2089,Primorskiy Kray
SOV,2090,Izmailskaya Oblast
SOV,2091,Taldy-Kurganskaya Oblast
SOV,2092,Bakanas
SOV,2093,Dzhambulskaya Oblast
SOV,2094,Karakalpakskaya ASSR
SOV,2095,Kashkadaryinskaya Oblast
SOV,2096,Oshskaya Oblast
SOV,2097,Issyk-Kulskaya Oblast
SOV,2098,Tashauzskaya Oblast
SOV,2099,Signakhi
SOV,2100,Kuba
SOV,2101,Khunzakh
SPR,41,Madrid
SPR,165,Catalunya
SPR,166,Aragón
SPR,167,Valencia
SPR,168,Murcia
SPR,169,Cordoba
SPR,170,Extremadura
SPR,171,Galicia
SPR,172,Navarra
SPR,173,Vascongadas
SPR,174,Asturias
SPR,175,La Mancha
SPR,176,Castilla
SPR,177,Islas Baleares
SPR,178,Islas Canarias
SPR,290,Rif
SPR,297,Fernando Po
SPR,699,Laâyoune-Sakia El Hamra
SPR,929,Melilla
SPR,930,Ceuta
SPR,1001,Tifariti
SPR,1002,Tarfaya
SPR,1003,Ifni
SPR,1250,Río Muni
SPR,1363,Zoug
SPR,1364,Tiris al-Gharbiyya
SPR,1539,Cantabria
SPR,1540,Leon
SPR,1541,Sevilla
SPR,1942,Sidi Ifni
SUD,549,Kordofan
SUD,551,Khartoum
SUD,782,Equatoria
SUD,906,Hala'ib
SUD,961,Dongola
SUD,978,Al-Fashir
SUD,1307,Bahr el Ghazai
SUD,1308,Malakal
SUD,1462,Jonglei
SUD,1463,Geneina
SUD,1464,Nyala
SUD,1465,Kaduqli
SUD,1466,Gezira
SUD,1467,Port Sudan
SUR,309,Suriname
SUR,1553,Nickerie
SUR,1554,Sipaliwini
SWA,772,Mbabane
SWA,1457,Big Bend
SWE,38,Västernorrland
SWE,124,Gotland
SWE,138,Skåneland
SWE,139,Småland
SWE,140,Västra Götaland
SWE,141,Stockholm
SWE,666,Norrbotten
SWE,928,Värmland
SWE,967,Östergötland
SWE,969,Örebro
SWE,970,Västmanland
SWE,971,Uppsala
SWE,972,Södermanland
SWE,973,Gävleborg
SWE,974,Dalarna
SWE,975,Jämtland
SWI,3,Bern
SWI,151,Zürich
SWI,1074,Ticino
SWI,1077,Romandie
SWK,333,Sarikei-Sibu-Kapit
SWK,1805,Kuching
SWK,1806,Betong-Sri Aman
SWK,1807,Limbang
SWK,1808,Miri
SYR,554,Dimashq
SYR,677,Aleppo
SYR,680,Deir ez-Zor
SYR,759,Quneitra
SYR,777,Al-Hasakah
SYR,809,Latakia
SYR,810,Raqqa
SYR,890,Daraa
SYR,893,Homs
SYR,894,Idlib
SYR,895,Hama
SYR,897,As-Suwayda
SYR,2046,Rif Dimashq
SYR,2047,Qalamoun
SYR,2048,Palmyra
SYR,2049,Busayrah
TAI,671,Tay Bac Bo
TAI,1761,Hoang Lien Son
TAM,1766,Hoa Binh
TIB,322,Ulugh Muztag
TIB,867,Chamdo
TIB,1361,Rutong
TIB,1548,Gyirong
TIB,1549,Lhasa
TIB,1857,Nagqu
TIB,1877,Nyingtri
TIB,1963,Litang
TIB,2016,Chagyab
TIB,2017,Medong
TIB,2018,Riwoqe
TIB,2019,Lhoka
TIB,2020,Nyiam
TIB,2021,Coqen
TIB,2022,Tingri
TIB,2023,Zhongba
TIB,2024,Burang
TIB,2025,Minsar
TIB,2026,Ge'yai
TIB,2027,Zhungwa
TIB,2028,Chagdo
TIM,721,Timor-Leste
TLK,2044,Ban Karen
TNG,1056,Tangier
TOA,1129,Tonga
TOG,761,Lome
TOG,1396,Kpalme
TOG,1397,Kara
TRS,756,Trieste
TRS,1673,Koper
TUN,458,Tunis
TUN,665,Gabes
TUN,1508,Gafsa
TUN,1509,Kebili
TUN,1510,Sfax
TUN,1511,Kef
TUN,1585,Al-Mitlawi
TUN,2038,Bizerte
TUR,49,Ankara
TUR,339,Izmir
TUR,340,Bursa
TUR,341,Istanbul
TUR,342,Antalya
TUR,343,Afyon
TUR,344,Adana
TUR,345,Mersin
TUR,346,Konya
TUR,347,Izmit
TUR,348,Kayseri
TUR,349,Sivas
TUR,350,Malatya
TUR,352,Mus-Bitlis
TUR,353,Erzurum
TUR,354,Trabzon
TUR,355,Samsun
TUR,356,Kastamonu
TUR,793,Kars
TUR,905,Hatay
TUR,931,Mugla
TUR,937,Edirne
TUR,1081,Yozgat
TUR,1168,Gaziantep
TUR,1671,Ardahan-Artvin
TUR,1765,Elazig
TUR,1816,Diyarbakir
TUR,1879,Incirlik
TUR,2050,Batman
TUR,2051,Van
TUR,2052,Hakkari
TWP,870,Tripura
TZN,546,Dar es Salaam
TZN,953,Tabora
TZN,1055,Tanga
TZN,1066,Dodoma
TZN,1197,Lindi
TZN,1434,Kilimanjaro
TZN,1435,Mwanza
TZN,1436,Kagera
TZN,1437,Ruwuma
TZN,1438,Kigoma
TZN,1439,Mbeya
TZN,1882,Missenyi
UAE,658,Abu Dhabi
UAE,1880,Shaybah
UAE,1886,Al-Ain
UGA,548,Kampala
UGA,1242,Ankole
UGA,1305,Lango
UGA,1306,Busoga
UGA,1309,Lugbara
UGA,1967,Bunyoro
UGA,1968,Toro
UGA,1969,Masaka
UGA,1970,Mubende
UGA,1971,Bugisu
UGA,1972,Gulu
UGA,1973,Agago
UGA,1974,Kaabong
UGA,1975,Amudat
UGA,1976,Alebtong
UMM,1944,Umm Al-Quwain
UNS,1329,The United Nations
URG,300,Montevideo
URG,1015,Paysandu
URG,1021,Maldonado
USA,4,Salzburg
USA,261,Columbus
USA,357,Massachusetts
USA,358,Albany
USA,359,North Jersey
USA,360,Central Pennsylvania
USA,361,Baltimore
USA,362,Piedmont
USA,363,Wilmington
USA,364,Charleston
USA,365,Atlanta
USA,366,Tampa
USA,367,Mobile
USA,368,Nashville
USA,369,Louisville
USA,370,Jackson
USA,371,New Orleans
USA,372,Little Rock
USA,373,Jefferson City
USA,374,Oklahoma City
USA,375,Hill Country
USA,376,New Mexico
USA,377,Arizona
USA,378,San Francisco Bay
USA,379,Nevada
USA,380,Utah
USA,381,Wyoming
USA,382,Colorado
USA,383,Western Kansas
USA,384,Nebraska
USA,385,Eastern Oregon
USA,386,Tacoma
USA,387,Idaho
USA,388,Montana
USA,389,North Dakota
USA,390,South Dakota
USA,391,Minneapolis
USA,392,Sioux City
USA,393,Lansing
USA,394,Northern Wisconsin
USA,395,Springfield
USA,396,Indianapolis
USA,463,Alaska
USA,629,Hawaii
USA,630,Johnston Atoll
USA,631,Midway Atoll
USA,632,Wake Island
USA,633,Marshall Islands
USA,638,Guam
USA,642,Phoenix Islands
USA,645,Volcano Islands
USA,646,Northern Mariana Islands
USA,647,Palau
USA,648,Minami-Tori-shima
USA,650,Attu
USA,684,Caroline Islands
USA,685,Panama Canal Zone
USA,686,Puerto Rico
USA,859,Charleston
USA,860,Delaware
USA,861,Maine
USA,862,New Hampshire
USA,863,Connecticut
USA,864,Rhode Island
USA,865,Vermont
USA,889,Guantanamo Bay
USA,1009,American Samoa
USA,1082,Palmyra Atoll
USA,1126,Saint Thomas
USA,1192,Oberösterreich
USA,1200,Washington DC
USA,1253,West-Wien
USA,1565,Ramstein & Spangdahlem
USA,1566,Bentwaters & Fairford
USA,1581,Hoover Dam
USA,1582,CFA Yokosuka
USA,1583,NAF Atsugi
USA,1634,New York City
USA,1635,Detroit
USA,1636,Cleveland
USA,1637,Chicago
USA,1638,Miami
USA,1639,Rio Grande Valley
USA,1640,Texas Gulf
USA,1641,Northern Texas
USA,1642,Llano Estacado
USA,1643,Philadelphia
USA,1644,Northern California
USA,1645,Southern California Coast
USA,1646,Central California Coast
USA,1647,Central Valley
USA,1677,Seattle
USA,1678,Spokane
USA,1679,Portland
USA,1680,Coastal Oregon
USA,1681,Tulsa
USA,1682,Choctaw Country
USA,1683,Topeka
USA,1684,Wichita
USA,1685,Long Island
USA,1686,Hudson River Valley
USA,1687,Buffalo
USA,1688,Syracuse
USA,1689,South Jersey
USA,1690,Eastern Shore
USA,1691,Western Maryland
USA,1692,Erie
USA,1693,Pittsburgh
USA,1694,Lehigh Valley
USA,1695,Morgantown
USA,1696,Toledo
USA,1697,Cincinnati 
USA,1698,Youngstown
USA,1699,St Louis
USA,1700,Kansas City
USA,1701,Lead Belt
USA,1702,Little Dixie
USA,1703,Arkansas Delta
USA,1704,Texarkana
USA,1705,Franklin
USA,1706,Memphis
USA,1707,Acadiana
USA,1708,Northern Louisiana
USA,1709,Mississippi Delta
USA,1710,Tupelo
USA,1711,Montgomery
USA,1712,Birmingham
USA,1713,Northern Georgia
USA,1714,Savannah
USA,1715,Macon
USA,1716,Southern Georgia
USA,1717,Carolina Upcountry
USA,1718,Columbia
USA,1719,Florida Panhandle
USA,1720,Jacksonville
USA,1721,Orlando
USA,1722,Asheville
USA,1723,Charlotte
USA,1724,Raleigh
USA,1725,Arlington
USA,1726,Tidewater
USA,1727,Southwest Virginia
USA,1728,Eastern Kentucky
USA,1729,Western Kentucky
USA,1730,Des Moines
USA,1731,Cedar Rapids
USA,1732,Driftless
USA,1733,Madison
USA,1734,Milwaukee
USA,1735,Green Bay
USA,1736,Iron Range
USA,1737,Rochester
USA,1738,Red River Valley
USA,1739,Prairieland
USA,1740,Gary
USA,1741,Fort Wayne
USA,1742,Ohio River Valley
USA,1743,Grand Rapids
USA,1744,Kalamazoo
USA,1745,Northern Michigan
USA,1746,Upper Peninsula
USA,1747,Little Egypt
USA,1748,Rockford
USA,1749,Champaign
VEN,307,Caracas
VEN,488,Guayana
VEN,489,Zulia
VEN,899,Nueva Esparta
VEN,900,Falcón
VEN,901,Aragua
VEN,1050,Llanos
VEN,1071,Anzoátegui
VEN,1204,Mérida
VIE,757,Da Nang
VIE,1288,Cam Ranh
VIE,1289,Lower Coastal Trung Phan
VIE,1756,Coastal Nam Phan
VIE,1758,Hue
VIE,1759,Coastal Trung Phan
VIN,838,Quang Binh
VIN,881,Dong Bac Bo
VIN,1280,Cao Bang
VIN,1762,Thanh Hoa
VIN,1763,Nghe-Tinh
VIN,1768,Lang Son
VIN,1875,17th Parallel
VTC,992,Vatican City
WGR,51,Nordrhein
WGR,56,Niedersachsen
WGR,58,Holstein
WGR,59,Hamburg
WGR,1626,Schleswig
WGR,1629,Westfalen
WGR,1631,East Frisia
WGR,1632,Osnabruck
WGR,1633,Lüneburg
WPA,334,Kalimantan Tengah
WPA,335,Staat van Centraal-Java
WPA,669,West Nieuw-Guinea
WPA,672,Zuid Sumatra
WPA,837,Bangka Belitung Islands
WPA,842,Batavia
WPA,844,Staat van Pasundan
WPA,845,Staat van Oost-Java
WPA,846,Yogyakarta
WPA,847,Pontianak
WPA,848,Dajak Besar
WPA,849,Oostkust van Borneo
WPA,850,Bandjar
WPA,858,Zuidwest Nieuw-Guinea
WPA,903,Staat van Oost-Sumatra
WPA,952,Riau Islands
WPA,1980,Palembang
WPA,1982,Soerabaja
WPA,1983,Staat van Madoera
YEM,293,Sana'a
YEM,964,Taiz
YEM,1040,Hajjah
YEM,1241,Saada
YEM,1872,Al Bayda
YEM,1873,Ibb
YEM,1874,Al Hudaydeh
YUG,45,Backa i Srem
YUG,102,Ljubljana
YUG,103,Split
YUG,104,Sarajevo
YUG,105,Boka Kotorska-Bar
YUG,106,Skopje
YUG,107,Grad Beograd
YUG,108,Podunavlje
YUG,109,Zagreb
YUG,163,Osijek
YUG,206,Juznomoravlje
YUG,736,Rijeka
YUG,923,Banja Luka
YUG,1065,Kosovo
YUG,1185,Podrinje-Kolubara
YUG,1482,Metohija
YUG,1483,Polog
YUG,1484,Vardar
YUG,1485,Zeta
YUG,1486,Bijelo Polje
YUG,1487,Tuzla
YUG,1488,Zenica
YUG,1489,Mostar
YUG,1490,Karlovac
YUG,1491,Lika
YUG,1492,Sisak
YUG,1493,Varazdin-Bjelovar
YUG,1494,Primorska
YUG,1495,Stajerska
YUG,1496,Vojvodjanski Banat
YUG,1497,Zajecar
YUG,1498,Nis
YUG,1499,Sumadija i Pomoravlja
YUG,1500,Kraljevo
YUG,1501,Titovo Uzice
YUG,1669,Zadar
ZAM,575,Copperbelt
ZAM,581,Luapula
ZAM,771,Lusaka
ZAM,1194,Fort Jameson
ZAM,1440,Broken Hill
ZAZ,1201,Zanzibar
ZAZ,1433,Pemba
ZIM,545,Mashonaland East
ZIM,987,Matabeleland South
ZIM,989,Victoria
ZIM,990,Manicaland
ZIM,1272,Midlands
ZIM,1273,Mashonaland West
ZIM,1275,Matabeleland North
ZIM,1445,Kariba
ZIM,1446,Hurungwe
ZIM,1447,Mashonaland Central
