Category,Type,Year,Module name,Unclocked by Tech,Tech Name,,Module Loc Name,Stats,,,,,,,,,,,,,,,,,,,,,,,,,,,,Resources,,,,,,,
,,,,,Long,Short,,"Reliability, %",Hardness,Hard attack,"Hard attack, %",Soft attack,"Soft attack, %",Breakthrough,"Breakthrough, %",Defence,"Defence, %",Armor,"Armor, %",Piercing,"Piercing, %",Max speed,"Max speed, %",Recon,"Recon, %",Entrenchment,Supply consumption,"Supply consumption, %",Fuel consumption,"Fuel consumption, %",Air Attack,"Air Attack, %",Production cost,"Production cost, %",Dismantling cost,Electricity,Construction metals,Light metals,Rare-earth metals,Nuclear materials,,,
Hulls,Light Hull [DONE],1939,Early World War 2 Light Hull,Early World War 2 Light Hull,Early World War 2 Light Hull,Light Hull I,Light_Hull_0,1,0.7,,,,,20,,6,,5,,,,6,,,,,,,,,,,2.5,,,,1,,,,,,
,,1942,Mid-World War 2 Light Hull,Mid-World War 2 Light Hull,Mid-World War 2 Light Hull,Light Hull II,Light_Hull_1,1.05,0.7,,,,,20,,6,,7.5,,,,6.5,,,,,,,,,,,2.9,,,,1,,,,,,
,,1944,Late World War 2 Light Hull,Late World War 2 Light Hull,Late World War 2 Light Hull,Light Hull III,Light_Hull_2,1.1000000000000001,0.7,,,,,20,,6,,10,,,,7,,,,,,,,,,,3.3,,,,1,,,,,,
,,1950,Post-World War 2 Light Hull,Post-World War 2 Light Hull,Post-World War 2 Light Hull,Light Hull IV,Light_Hull_3,1.1500000000000001,0.7,,,,,20,,6,,12.5,,,,7.5,,,,,,,,,,,3.6999999999999997,,,,2,1,,,,,
,,1960,Early Cold War Light Hull,Early Cold War Light Hull,Early Cold War Light Hull,Light Hull V,Light_Hull_4,1.2000000000000002,0.7,,,,,20,,6,,15,,,,8,,,,,,,,,,,4.0999999999999996,,,,2,1,,,,,
,,1970,Mid-Cold War Light Hull,Mid-Cold War Light Hull,Mid-Cold War Light Hull,Light Hull VI,Light_Hull_5,1.2500000000000002,0.7,,,,,20,,6,,17.5,,,,8.5,,,,,,,,,,,4.5,,,,2,1,,,,,
,,1980,Late Cold War Light Hull,Late Cold War Light Hull,Late Cold War Light Hull,Light Hull VII,Light_Hull_6,1.3000000000000003,0.7,,,,,20,,6,,20,,,,9,,,,,,,,,,,4.9000000000000004,,,,2,1,,,,,
,,1990,Early Modern Light Hull,Early Modern Light Hull,Early Modern Light Hull,Light Hull VIII,Light_Hull_7,1.3500000000000003,0.7,,,,,20,,6,,22.5,,,,9.5,,,,,,,,,,,5.3000000000000007,,,,2,1,,,,,
,,2000,Modern Light Hull,Modern Light Hull,Modern Light Hull,Light Hull IX,Light_Hull_8,1.4000000000000004,0.7,,,,,20,,6,,25,,,,10,,,,,,,,,,,5.7000000000000011,,,,2,1,,,,,
,,2010,Advanced Modern Light Hull,Advanced Modern Light Hull,Advanced Modern Light Hull,Light Hull X,Light_Hull_9,1.4500000000000004,0.7,,,,,20,,6,,27.5,,,,10.5,,,,,,,,,,,6.1000000000000014,,,,2,1,,,,,
,,,,,,,,,,,,,,,,,,,,,,,,,,,,,,,,,,,,,,,,,,,
,Medium/MBT Hull [DONE],1939,Early World War 2 Medium Hull,Early World War 2 Medium Hull,Early World War 2 Medium Hull,Medium Hull I,MBT_Hull_0,1.1000000000000001,0.8,,,,,30,,5,,30,,,,5,,,,,,,,,,,5,,,,2,,,,,,
,,1942,Mid-World War 2 Medium Hull,Mid-World War 2 Medium Hull,Mid-World War 2 Medium Hull,Medium Hull II,MBT_Hull_1,1.1500000000000001,0.8,,,,,30,,5,,35,,,,5.5,,,,,,,,,,,5.75,,,,2,,,,,,
,,1944,Late World War 2 Medium Hull,Late World War 2 Medium Hull,Late World War 2 Medium Hull,Medium Hull III,MBT_Hull_2,1.2000000000000002,0.8,,,,,30,,5,,40,,,,6,,,,,,,,,,,6.5,,,,2,,,,,,
,,1950,Post-World War 2 Medium Hull,Post-World War 2 Medium Hull,Post-World War 2 Medium Hull,Medium Hull IV,MBT_Hull_3,1.2500000000000002,0.8,,,,,30,,5,,45,,,,6.5,,,,,,,,,,,7.25,,,,3,,,,,,
,,1960,First Generation Main Battle Tank Hull,First Generation Main Battle Tank Hull,First Generation Main Battle Tank Hull,MBT Hull I,MBT_Hull_4,1.3000000000000003,0.8,,,,,30,,5,,50,,,,7,,,,,,,,,,,8,,,,3,,,,,,
,,1970,First+ Generation Main Battle Tank Hull,First+ Generation Main Battle Tank Hull,First+ Generation Main Battle Tank Hull,MBT Hull II,MBT_Hull_5,1.3500000000000003,0.8,,,,,30,,5,,55,,,,7.5,,,,,,,,,,,8.75,,,,3,,,,,,
,,1980,Second Generation Main Battle Tank Hull,Second Generation Main Battle Tank Hull,Second Generation Main Battle Tank Hull,MBT Hull III,MBT_Hull_6,1.4000000000000004,0.8,,,,,30,,5,,60,,,,8,,,,,,,,,,,9.5,,,,3,,,,,,
,,1990,Second+ Generation Main Battle Tank Hull,Second+ Generation Main Battle Tank Hull,Second+ Generation Main Battle Tank Hull,MBT Hull IV,MBT_Hull_7,1.4500000000000004,0.8,,,,,30,,5,,65,,,,8.5,,,,,,,,,,,10.25,,,,3,,,,,,
,,2000,Third Generation Main Battle Tank Hull,Third Generation Main Battle Tank Hull,Third Generation Main Battle Tank Hull,MBT Hull V,MBT_Hull_8,1.5000000000000004,0.8,,,,,30,,5,,70,,,,9,,,,,,,,,,,11,,,,3,,,,,,
,,2010,Third+ Generation Main Battle Tank Hull,Third+ Generation Main Battle Tank Hull,Third+ Generation Main Battle Tank Hull,MBT Hull VI,MBT_Hull_9,1.5500000000000005,0.8,,,,,30,,5,,75,,,,9.5,,,,,,,,,,,11.75,,,,3,,,,,,
,,,,,,,,,,,,,,,,,,,,,,,,,,,,,,,,,,,,,,,,,,,
,Heavy Hull [DONE],1939,Early World War 2 Heavy Hull,Early World War 2 Heavy Hull,Early World War 2 Heavy Hull,Heavy Hull I,Heavy_Hull_0,1.2,0.85,,,,,35,,4,,45,,,,4,,,,,,,,,,,9,,,,3,,,,,,
,,1942,Mid-World War 2 Heavy Hull,Mid-World War 2 Heavy Hull,Mid-World War 2 Heavy Hull,Heavy Hull II,Heavy_Hull_1,1.25,0.85,,,,,35,,4,,50,,,,4.5,,,,,,,,,,,10,,,,3,,,,,,
,,1944,Late World War 2 Heavy Hull,Late World War 2 Heavy Hull,Late World War 2 Heavy Hull,Heavy Hull III,Heavy_Hull_2,1.3,0.85,,,,,35,,4,,55,,,,5,,,,,,,,,,,11,,,,3,,,,,,
,,1950,Post-World War 2 Heavy Hull,Post-World War 2 Heavy Hull,Post-World War 2 Heavy Hull,Heavy Hull IV,Heavy_Hull_3,1.35,0.85,,,,,35,,4,,60,,,,5.5,,,,,,,,,,,12,,,,4,,,,,,
,,1955,Early Cold War Heavy Hull,Early Cold War Heavy Hull,Early Cold War Heavy Hull,Heavy Hull V,Heavy_Hull_4,1.4000000000000001,0.85,,,,,35,,4,,65,,,,6,,,,,,,,,,,13,,,,4,,,,,,
,,,,,,,,,,,,,,,,,,,,,,,,,,,,,,,,,,,,,,,,,,,
,,,,,,,,,,,,,,,,,,,,,,,,,,,,,,,,,,,,,,,,,,,
Category,Type,Year,Module name,Unclocked by Tech,Tech Name,,Module Loc Name,Stats,,,,,,,,,,,,,,,,,,,,,,,,,,,,Resources,,,,,,,
,,,,,Long,Short,,"Reliability, %",Hardness,Hard attack,"Hard attack, %",Soft attack,"Soft attack, %",Breakthrough,"Breakthrough, %",Defence,"Defence, %",Armor,"Armor, %",Piercing,"Piercing, %",Max speed,"Max speed, %",Recon,"Recon, %",Entrenchment,Supply consumption,"Supply consumption, %",Fuel consumption,"Fuel consumption, %",Air Attack,"Air Attack, %",Production cost,"Production cost, %",Dismantling cost,Electricity,Construction metals,Light metals,Rare-earth metals,Nuclear materials,,,
Protection,Armor [DONE],1939,Welded Armor,Base,Welded Armor,Welded Armor,Armor_0_W,,,,,,,2,,2,,,,,,,,,,,,,,,,,,,5,,2,,,,,,
,,1939,Cast Armor,Base,Cast Armor,Cast Armor,Armor_0_C,,0.02,,,,,1.75,,1.75,,,-0.1,,,,,,,,,,,,,,-1.5,-0.1,6,,2,,,,,,
,,1955,Spaced Armor,Early Composite Armor,Spaced Armor,Spaced Armor,Armor_1_Space,,,,,,,2.25,,2.25,,,0.25,,,0.2,,,,,,,,,,,1.5,,5.5,,2,,,,,,
,,1955,Early Composite Armor,Early Composite Armor,Composite Armor I,Composite Armor I,Armor_1_Comp,-0.05,,,,,,2.5,,2.5,,,0.5,,,-0.4,,,,,,,,,,,2,,6.5,,1,1,,,,,
,,1965,Advanced Composite Armor,Advanced Composite Armor,Composite Armor II,Composite Armor II,Armor_2_Comp,,,,,,,3,,3,,,0.75,,,-0.4,,,,,,,,,,,2.5,,6,,1,1,,,,,
,,1975,First Generation NERA,First Generation NERA,First Generation NERA,NERA I,Armor_3,,,,,,,3.5,,3.5,,,1,,,-0.60000000000000009,,,,,,,,,,,3,,5.5,,2,1,,,,,
,,1985,Second Generation NERA,Second Generation NERA,Second Generation NERA,NERA II,Armor_4,,,,,,,4,,4,,,1.25,,,-0.8,,,,,,,,,,,3.5,,5,,3,1,,,,,
,,1995,Third Generation NERA,Third Generation NERA,Third Generation NERA,NERA III,Armor_5,,,,,,,4.5,,4.5,,,1.5,,,-1,,,,,,,,,,,4,,4.5,,3,1,,,,,
,,2010,Fourth Generation NERA,Fourth Generation NERA,Fourth Generation NERA,NERA IV,Armor_6,,,,,,,5,,5,,,1.75,,,-1.2,,,,,,,,,,,4.5,,4,,3,1,,,,,
,,1985,Second Generation Depleted Uranium NERA,Second Generation Depleted Uranium NERA,Second Generation Depleted Uranium NERA,DU NERA II,Armor_4_DU,,,,,,,3.75,,3.75,,,1.35,,,-0.90000000000000013,,,,,,,,,,,3.75,,5.5,,3,1,,,,,
,,1995,Third Generation Depleted Uranium NERA,Third Generation Depleted Uranium NERA,Third Generation Depleted Uranium NERA,DU NERA III,Armor_5_DU,,,,,,,4.5,,4.5,,,1.6,,,-1.2000000000000002,,,,,,,,,,,4.5,,5,,3,1,,,,,
,,2010,Fourth Generation Depleted Uranium NERA,Fourth Generation Depleted Uranium NERA,Fourth Generation Depleted Uranium NERA,DU NERA IV,Armor_6_DU,,,,,,,5.25,,5.25,,,1.85,,,-1.5000000000000002,,,,,,,,,,,5.25,,4.5,,3,1,,,,,
,,1955,Early Aluminum Alloy Armor,Early Aluminum Alloy Armor,Early Aluminum Alloy Armor,Aluminum Armor I,Armor_0_Light,0.1,2.5000000000000001E-2,,,,,1.5,,1.5,,,-0.15,,,2,,,,,,,,,,,1,,2,,,2,,,,,
,,1965,Advanced Aluminum Alloy Armor,Advanced Aluminum Alloy Armor,Advanced Aluminum Alloy Armor,Aluminum Armor II,Armor_1_Light,0.1,0.05,,,,,1.75,,1.75,,,-9.9999999999999992E-2,,,1.5,,,,,,,,,,,1.5,,2.5,,,2,,,,,
,,,,,,,,,,,,,,,,,,,,,,,,,,,,,,,,,,,,,,,,,,,
,Add-on Armor [DONE],1965,Add-On Combined Armor,Advanced Composite Armor,,Add-On Combined Armor,Addon_0_Comb,,,,,,,1,,1,,,0.2,,,-0.2,,,,,,,,,,,1.5,,0.1,,1,,,,,,
,,1975,First Generation Add-On NERA,First Generation NERA,,Add-On NERA I,Addon_1_NERA,,,,,,,1.5,,1.5,,,0.30000000000000004,,,-0.30000000000000004,,,,,,,,,,,1.75,,0.1,,1,,,,,,
,,1985,Second Generation Add-On NERA,Second Generation NERA,,Add-On NERA II,Addon_2_NERA,,,,,,,2,,2,,,0.4,,,-0.4,,,,,,,,,,,2,,0.1,,1,,,,,,
,,1995,Third Generation Add-On NERA,Third Generation NERA,,Add-On NERA III,Addon_3_NERA,,,,,,,2.5,,2.5,,,0.5,,,-0.5,,,,,,,,,,,2.25,,0.1,,1,,,,,,
,,2010,Fourth Generation Add-On NERA,Fourth Generation NERA,,Add-On NERA IV,Addon_4_NERA,,,,,,,3,,3,,,0.6,,,-0.6,,,,,,,,,,,2.5,,0.1,,1,,,,,,
,,1995,Light Add-on Composites,Light Add-on Composites,,Add-on Composites I,Addon_0_CE,,0.05,,,,,0.5,,0.5,,20,0.25,,,-0.2,,,,,,,,,,,1.25,,0.1,,,1,,,,,
,,2005,Advanced Light Add-on Composites,Advanced Light Add-on Composites,,Add-on Composites II,Addon_1_CE,,7.5000000000000011E-2,,,,,1,,1,,30,0.3,,,-0.25,,,,,,,,,,,1.75,,0.1,,,1,,,,,
,,,,,,,,,,,,,,,,,,,,,,,,,,,,,,,,,,,,,,,,,,,
,ERA [DONE],1975,First Generation ERA,First Generation ERA,,ERA I,ERA_0,,,,,,,3,,1.5,,,0.05,,,-0.1,,,,,,,,,,,1,,0.05,,,,,,,,
,,1985,Second Generation ERA,Second Generation ERA,,ERA II,ERA_1,,,,,,,6,,3,,,0.15000000000000002,,,-0.2,,,,,,,,,,,1.75,,0.05,,,,,,,,
,,1985,ERA for Light Armored Vehicles,Second Generation ERA,,LAFV ERA,ERA_L,,,,,,,7,,3.5,,,0.2,,,-0.4,,,,,,,,,,,1.5,,0.05,,,,,,,,
,,2005,Third Generation ERA,Third Generation ERA,,ERA III,ERA_2,,,,,,,9,,4.5,,,0.25,,,-0.30000000000000004,,,,,,,,,,,2.5,,0.05,,,,,,,,
,,2015,Fourth Generation ERA,Fourth Generation ERA,,ERA IV,ERA_3,,,,,,,12,,6,,,0.35,,,-0.4,,,,,,,,,,,3.25,,0.05,,,,,,,,
,,,,,,,,,,,,,,,,,,,,,,,,,,,,,,,,,,,,,,,,,,,
,Smoke [DONE],1939,Smoke Grenade Dischargers,Smoke Grenade Dischargers,,Smoke Dischargers I,Smoke_0,,,,,,,1.5,,2.5,,,,,,,,,,,,,,,,,0.5,,0.05,,,,,,,,
,,1944,Engine Smoke Generator System,Engine Smoke Generator System,,ESS,Smoke_ESS,,,,,,,5,,,,,,,,,,,,,,,0.25,,,,1,,0.2,,,,,,,,
,,1975,Improved Smoke Grenade Dischargers,Improved Smoke Grenade Dischargers,,Smoke Dischargers II,Smoke_1,,,,,,,3.5,,5,,,,,,,,,,,,,,,,,1.25,,0.05,,,,,,,,
,,1985,IR Smoke Grenade Dischargers,IR Smoke Grenade Dischargers,,Smoke Dischargers III,Smoke_2,,,,,,,5.5,,8,,,,,,,,,,,,,,,,,1.75,,0.05,,,,,,,,
,,1995,Multi-Spectral Smoke Grenade Dischargers,Multi-Spectral Smoke Grenade Dischargers,,Smoke Dischargers IV,Smoke_3,,,,,,,7.5,,11,,,,,,,,,,,,,,,,,2.25,,0.05,,,,,,,,
,,2015,Smart Smoke Grenade Dischargers,Smart Smoke Grenade Dischargers,,Smoke Dischargers V,Smoke_4,,,,,,,9.5,,14,,,,,,,,,,,,,,,,,2.75,,0.05,,,,,,,,
,,,,,,,,,,,,,,,,,,,,,,,,,,,,,,,,,,,,,,,,,,,
,Active Protection Systems [DONE],1980,Early Hard-Kill Active Protection Systems,Early Hard-Kill Active Protection Systems,,Hard-Kill APS I,APS_0_H,-0.04,,,,,,6,,3,,,,,,,,,,,,,0.15,,,,5,,0.2,,,,1,,,,
,,1990,Advanced Hard-Kill Active Protection Systems,Advanced Hard-Kill Active Protection Systems,,Hard-Kill APS II,APS_1_H,-3.5000000000000003E-2,,,,,,9.5,,4.75,,,,,,,,,,,,,0.25,,,,5.5,,0.25,,,,1,,,,
,,2005,Modern Hard-Kill Active Protection Systems,Modern Hard-Kill Active Protection Systems,,Hard-Kill APS III,APS_2_H,-3.0000000000000002E-2,,,,,,13,,6.5,,,,,,,,,,,,,0.35,,,,6,,0.3,,,,2,,,,
,,2015,Advanced Modern Hard-Kill Active Protection Systems,Advanced Modern Hard-Kill Active Protection Systems,,Hard-Kill APS IV,APS_3_H,-2.5000000000000001E-2,,,,,,16.5,,8.25,,,,,,,,,,,,,0.44999999999999996,,,,6.5,,0.35,,,,2,,,,
,,1990,Early Soft-Kill Active Protection Systems,Early Soft-Kill Active Protection Systems,,Soft-Kill APS I,APS_0_S,,,,,,,2,0.05,4,0.05,,,,,,,,,,,,0.15,,,,1.5,,0.1,,,,1,,,,
,,2010,Advanced Soft-Kill Active Protection Systems,Advanced Soft-Kill Active Protection Systems,,Soft-Kill APS II,APS_1_S,,,,,,,4,0.1,8,0.1,,,,,,,,,,,,0.35,,,,3,,0.2,,,,2,,,,
,,,,,,,,,,,,,,,,,,,,,,,,,,,,,,,,,,,,,,,,,,,
,Fire Fighting Systems [DONE],1942,Semi-Automatic Fire Fighting System,Semi-Automatic Fire Fighting System,,FFS I,FFS_0,0.05,,,,,,,,,,,,,,,,,,,,,,,,,1,,0.1,,,,,,,,
,,1950,Automatic Fire Fighting System,Automatic Fire Fighting System,,FFS II,FFS_1,7.5000000000000011E-2,,,,,,,,,,,,,,,,,,,,,,,,,1.5,,0.15000000000000002,,,,,,,,
,,1975,Digital Automatic Fire Fighting System,Digital Automatic Fire Fighting System,,FFS III,FFS_2,0.1,,,,,,,,,,,,,,,,,,,,,,,,,2,,0.2,,,,,,,,
,,,,,,,,,,,,,,,,,,,,,,,,,,,,,,,,,,,,,,,,,,,
,,,,,,,,,,,,,,,,,,,,,,,,,,,,,,,,,,,,,,,,,,,
Category,Type,Year,Module name,Unclocked by Tech,Tech Name,,Module Loc Name,Stats,,,,,,,,,,,,,,,,,,,,,,,,,,,,Resources,,,,,,,
,,,,,Long,Short,,"Reliability, %",Hardness,Hard attack,"Hard attack, %",Soft attack,"Soft attack, %",Breakthrough,"Breakthrough, %",Defence,"Defence, %",Armor,"Armor, %",Piercing,"Piercing, %",Max speed,"Max speed, %",Recon,"Recon, %",Entrenchment,Supply consumption,"Supply consumption, %",Fuel consumption,"Fuel consumption, %",Air Attack,"Air Attack, %",Production cost,"Production cost, %",Dismantling cost,Electricity,Construction metals,Light metals,Rare-earth metals,Nuclear materials,,,
FCS & Autoloaders,Autoloaders [DONE],1942,Gun Rammer,Gun Rammer,,Gun Rammer,Loader_0_Rammer,-0.02,,,2.5000000000000001E-2,,2.5000000000000001E-2,3,,1,,,,,,,,,,,,0.02,,,,,1,,0.1,,,,,,,,
,,1944,Mechanised Ammo Rack,Mechanised Ammo Rack,,Mech Ammo Rack,Loader_1_Mech_Ammo,-0.04,,,0.05,,0.05,5,,2,,,,,,,,,,,,0.04,0.1,,,,2,,0.4,,,,,,,,
,,1950,Drum Loading Mechanism,Drum Loading Mechanism,,Drum Autoloader I,Loader_2a_Drum,-0.06,,,0.1,,0.1,4,,4,,,-0.05,,,0.25,,,,,,0.06,,,,,3,,0.6,,,,,,,,
,,1995,Advanced Drum Loading Mechanism,Advanced Drum Loading Mechanism,,Drum Autoloader II,Loader_2b_Drum,-0.16,,,0.17499999999999999,,0.17499999999999999,10,,10,,,0.1,,,0.5,,,,,,0.1,0.5,,,,6.5,,0.8,,,,1,,,,
,,1960,Early Carousel Loading Mechanism,Early Carousel Loading Mechanism,,Carousel Autoloader I,Loader_3a_Carousel,-0.2,,,0.1,,0.1,10,,-5,,,0.3,,,1,,,,,,0.08,0.2,,,,4,,1.5,,,,,,,,
,,1970,Modernised Carousel Loading Mechanism,Modernised Carousel Loading Mechanism,,Carousel Autoloader II,Loader_3b_Carousel,-0.17500000000000002,,,7.5000000000000011E-2,,7.5000000000000011E-2,12,,-3,,,0.3,,,1,,,,,,0.08,0.4,,,,4.6500000000000004,,1.5,,,,1,,,,
,,1990,Advanced Carousel Loading Mechanism,Advanced Carousel Loading Mechanism,,Carousel Autoloader III,Loader_3c_Carousel,-0.15000000000000002,,,0.125,,0.125,14,,-1,,,0.3,,,1,,,,,,0.08,0.60000000000000009,,,,5.3000000000000007,,1.5,,,,1,,,,
,,2010,Modern Carousel Loading Mechanism,Modern Carousel Loading Mechanism,,Carousel Autoloader IV,Loader_3d_Carousel,-0.12500000000000003,,,0.15,,0.15,16,,1,,,0.3,,,1,,,,,,0.08,0.8,,,,5.9500000000000011,,1.5,,,,1,,,,
,,1965,Early Conveyor Belt Loading Mechanism,Early Conveyor Belt Loading Mechanism,,Belt Autoloader I,Loader_4a_Belt,-0.15,,,0.125,,0.125,11,,-4,,,0.15,,,0.5,,,,,,0.12,0.35,,,,4.5,,1.2,,,,1,,,,
,,1985,Advanced Conveyor Belt Loading Mechanism,Advanced Conveyor Belt Loading Mechanism,,Belt Autoloader II,Loader_4b_Belt,-0.125,,,0.15,,0.15,14,,-1,,,0.15,,,0.5,,,,,,0.12,0.64999999999999991,,,,5.15,,1.2,,,,1,,,,
,,2005,Modern Conveyor Belt Loading Mechanism,Modern Conveyor Belt Loading Mechanism,,Belt Autoloader III,Loader_4c_Belt,-0.1,,,0.17499999999999999,,0.17499999999999999,17,,2,,,0.15,,,0.5,,,,,,0.12,0.95,,,,5.8000000000000007,,1.2,,,,1,,,,
,,,,,,,,,,,,,,,,,,,,,,,,,,,,,,,,,,,,,,,,,,,
,Artillery-Exclusive Autoloaders [DONE],1965,Artillery Mechanised Ammo Rack,Early Conveyor Belt Loading Mechanism,,Mech Ammo Rack I,Loader_5a_Arty_Mech,-0.1,,,7.4999999999999997E-2,,7.4999999999999997E-2,6,,3,,,,,,,,,,,,0.1,0.15,,,,2.5,,0.9,,,,,,,,
,,1985,Advanced Artillery Mechanised Ammo Rack,Advanced Conveyor Belt Loading Mechanism,,Mech Ammo Rack II,Loader_5b_Arty_Mech,-7.5000000000000011E-2,,,0.1,,0.1,9,,4.5,,,,,,,,,,,,0.1,0.4,,,,3.5,,0.9,,,,1,,,,
,,2005,Modern Artillery Mechanised Ammo Rack,Modern Conveyor Belt Loading Mechanism,,Mech Ammo Rack III,Loader_5c_Arty_Mech,-5.000000000000001E-2,,,0.125,,0.125,12,,6,,,,,,,,,,,,0.1,0.65,,,,4.5,,0.9,,,,1,,,,
,,,,,,,,,,,,,,,,,,,,,,,,,,,,,,,,,,,,,,,,,,,
,Aiming [DONE],1939,Basic Aiming Mechanisms,Base,,Aiming I,Aim_0,,,,,,,1,,0.5,,,,,,,,,,,,,0,,,,0,,0.1,,,,,,,,
,,1942,One-Plane Stabilizer,One-Plane Stabilizer,,Aiming II,Aim_1,-0.05,,,,,,5,0.05,0.5,,,,,,,,,,,,,0.1,,,,1.2,,0.15000000000000002,,,,,,,,
,,1955,Two-Plane Stabilizer,Two-Plane Stabilizer,,Aiming III,Aim_2,-0.05,,,,,,9,0.1,1,,,,,,,,,,,,,0.2,,,,2.4,,0.2,,,,,,,,
,,1970,Computerised Aiming Systems,Computerised Aiming Systems,,Aiming IV,Aim_3,-0.04,,,,,,13,0.15000000000000002,2.5,0.05,,,,,,,,,,,,0.30000000000000004,,,,3.5999999999999996,,0.25,,,,1,,,,
,,1985,Advanced Computerised Aiming Systems,Advanced Computerised Aiming Systems,,Aiming V,Aim_4,-0.03,,,,,,17,0.2,3,0.1,,,,,,,,,,,,0.4,,,,4.8,,0.3,,,,1,,,,
,,2005,Modern Computerised Aiming Systems,Modern Computerised Aiming Systems,,Aiming VI,Aim_5,-0.02,,,,,,21,0.25,3.5,0.15000000000000002,,,,,,,,,,,,0.5,,,,6,,0.35,,,,1,,,,
,,,,,,,,,,,,,,,,,,,,,,,,,,,,,,,,,,,,,,,,,,,
,Aiming SPAAG [DONE],1939,Basic AA Aiming Mechanisms,Base,,AA Aiming I,Aim_AA_0,,,,,,,1,,0.5,,,,,,,,,,,,,0,,,,0.5,,0.1,,,,,,,,
,,1955,Two-Plane AA Stabilizer,Two-Plane Stabilizer,,AA Aiming II,Aim_AA_1,-0.05,,,,,,9,0.1,1,,,,,,,,,,,,,0.2,,,0.2,3,,0.2,,,,,,,,
,,1970,Computerised AA Aiming Systems,Computerised Aiming Systems,,AA Aiming III,Aim_AA_2,-0.04,,,,,,13,0.15000000000000002,2.5,0.05,,,,,,,,,,,,0.30000000000000004,,,0.25,4.2,,0.25,,,,1,,,,
,,1985,Advanced Computerised AA Aiming Systems,Advanced Computerised Aiming Systems,,AA Aiming IV,Aim_AA_3,-0.03,,,,,,17,0.2,3,0.1,,,,,,,,,,,,0.4,,,0.3,5.4,,0.3,,,,1,,,,
,,2005,Modern Computerised AA Aiming Systems,Modern Computerised Aiming Systems,,AA Aiming V,Aim_AA_4,-0.02,,,,,,21,0.25,3.5,0.15000000000000002,,,,,,,,,,,,0.5,,,0.35,6.6000000000000005,,0.35,,,,1,,,,
,,,,,,,,,,,,,,,,,,,,,,,,,,,,,,,,,,,,,,,,,,,
,Optics [DONE],1939,Basic Optic Sights,Base,,Sights I,Optics_0,-1%,,,5%,,5%,,,,,,-5%,,,,,,,,,,,,,,0.5,,0.15,,,,,,,,
,,1944,Sight With Optical Rangefinder,Sight With Optical Rangefinder,,Sights II,Optics_1,-0.02,,,0.1,,0.1,,,,0.05,,-2.5000000000000001E-2,,,,,,,,,,,,,,1,,0.25,,,,,,,,
,,1955,Stabilized Basic Sight,Stabilized Basic Sight,,Sights III,Optics_2,-0.02,,,2.5000000000000001E-2,,2.5000000000000001E-2,,0.05,,,,,,,,,,,,,,0.1,,,,1,,0.35,,,,,,,,
,,1965,Stabilized Sight With Optical Rangefinder,Stabilized Sight With Optical Rangefinder,,Sights IV,Optics_3,-0.03,,,0.125,,0.125,,7.5000000000000011E-2,,7.5000000000000011E-2,,-2.5000000000000001E-2,,,,,,,,,,0.15000000000000002,,,,2,,0.44999999999999996,,,,,,,,
,,1970,Sight With Laser Rangefinder,Sight With Laser Rangefinder,,Sights V,Optics_4,-0.04,,,0.17499999999999999,,0.17499999999999999,,0.1,,0.1,,,,,,,,,,,,0.2,,,,3.5,,0.54999999999999993,,,,1,,,,
,,1980,Advanced Sight With Laser Rangefinder,Advanced Sight With Laser Rangefinder,,Sights VI,Optics_5,-0.04,,,0.19999999999999998,,0.19999999999999998,,0.125,,0.125,,,,,,,,,,,,0.25,,,,4.25,,0.64999999999999991,,,,1,,,,
,,1990,Early Modern Sight With Laser Rangefinder,Early Modern Sight With Laser Rangefinder,,Sights VII,Optics_6,-0.04,,,0.22499999999999998,,0.22499999999999998,,0.15,,0.15,,,,,,,,,,,,0.3,,,,5,,0.74999999999999989,,,,1,,,,
,,2010,Advanced Sight With Laser Rangefinder,Advanced Sight With Laser Rangefinder,,Sights VIII,Optics_7,-0.04,,,0.24999999999999997,,0.24999999999999997,,0.17499999999999999,,0.17499999999999999,,,,,,,,,,,,0.35,,,,5.75,,0.84999999999999987,,,,1,,,,
,,,,,,,,,,,,,,,,,,,,,,,,,,,,,,,,,,,,,,,,,,,
,Commander Optics [DONE],1965,Early Panoramic Sight,Early Panoramic Sight,,Panoramic Sight I,Panoramic_Sight_0,,,,,,,1.5,0.03,1,0.03,,,,,,,0.5,,,,,0.05,,,,2,,0.1,,,,,,,,
,,1985,Advanced Panoramic Sight,Advanced Panoramic Sight,,Panoramic Sight II,Panoramic_Sight_1,,,,,,,3,0.06,2,0.06,,,,,,,1,,,,,0.1,,,,3,,0.15000000000000002,,,,,,,,
,,2005,Modern Panoramic Sight,Modern Panoramic Sight,,Panoramic Sight III,Panoramic_Sight_2,,,,,,,6,0.12,4,0.12,,,,,,,1.5,,,,,0.2,,,,4,,0.2,,,,,,,,
,,,,,,,,,,,,,,,,,,,,,,,,,,,,,,,,,,,,,,,,,,,
,Artillery Optics [DONE],1939,Artillery Sight,Base,,Artillery Sight I,Arty_Optics_0,,,,,,,,,,,,,,,,,,,,,,,,,,0.5,,0.15,,,,,,,,
,,2000,Muzzle Velocity Radar,???,,Artillery Sight II,Arty_Optics_1,,,,0.2,,0.2,,0.2,,0.2,,,,,,,,,,,-0.1,0.3,,,,8,,0.25,,,,1,,,,
,,,,,,,,,,,,,,,,,,,,,,,,,,,,,,,,,,,,,,,,,,,
,SPAAG Optics [DONE],1939,Basic AA Optic Sights,Base,,AA Sight I,AA_Optics_0,-4%,,,15%,,15%,,7.5%,,7.5%,,,,,,,,,,,,0.15,,,7.5%,3.5,,0.45,,,,1,,,,
,,1970,AA sight with laser rangefinder,Sight With Laser Rangefinder,,AA Sight II,AA_Optics_1,-0.04,,,0.17499999999999999,,0.17499999999999999,,0.1,,0.1,,,,,,,,,,,,0.2,,,0.1,4.5,,0.55000000000000004,,,,1,,,,
,,1980,AA sight with IR tracker,Advanced Sight With Laser Rangefinder,,AA Sight III,AA_Optics_2,-0.04,,,0.19999999999999998,,0.19999999999999998,,0.125,,0.125,,,,,,,,,,,,0.25,,,0.15000000000000002,5.5,,0.65,,,,1,,,,
,,1990,IR/TV & opto-electronic AA sights,Early Modern Sight With Laser Rangefinder,,AA Sight IV,AA_Optics_3,-0.04,,,0.22499999999999998,,0.22499999999999998,,0.15,,0.15,,,,,,,,,,,,0.3,,,0.2,6.5,,0.75,,,,1,,,,
,,2000,Modern IR/TV & opto-electronic AA sights,Oopsie,,AA Sight V,AA_Optics_4,-0.04,,,0.24999999999999997,,0.24999999999999997,,0.17499999999999999,,0.17499999999999999,,,,,,,,,,,,0.35,,,0.25,7.5,,0.85,,,,1,,,,
,,2010,Advanced modern IR/TV & opto-electronic AA sights,Advanced Sight With Laser Rangefinder,,AA Sight VI,AA_Optics_5,-0.04,,,0.27499999999999997,,0.27499999999999997,,0.19999999999999998,,0.19999999999999998,,,,,,,,,,,,0.39999999999999997,,,0.3,8.5,,0.95,,,,1,,,,
,,,,,,,,,,,,,,,,,,,,,,,,,,,,,,,,,,,,,,,,,,,
,Computing [DONE],1955,Mechanical Ballistic Computer,Mechanical Ballistic Computer,,Ballistic Computer I,Computer_0,-0.05,,,0.05,,0.05,,0.05,,0.05,,,,,,,,,,,-0.05,0.15,,,,3,,0.1,,,,,,,,
,,1965,Analog-Digital Ballistic Computer,Analog-Digital Ballistic Computer,,Ballistic Computer II,Computer_1,-2.5000000000000001E-2,,,0.1,,0.1,,0.1,,0.1,,,,,,,,,,,-7.5000000000000011E-2,0.25,,,,3.75,,0.15000000000000002,,,,1,,,,
,,1975,Digital Ballistic Computer,Digital Ballistic Computer,,Ballistic Computer III,Computer_2,-1.0000000000000002E-2,,,0.15000000000000002,,0.15000000000000002,,0.15000000000000002,,0.15000000000000002,,,,,,,,,,,-0.1,0.35,,,,4.5,,0.2,,,,2,,,,
,,1985,Advanced Digital Ballistic Computer,Advanced Digital Ballistic Computer,,Ballistic Computer IV,Computer_3,-1.0000000000000002E-2,,,0.2,,0.2,,0.2,,0.2,,,,,,,,0.1,,,-0.125,0.44999999999999996,,,,5.25,,0.25,,,,2,,,,
,,1995,Early Modern Digital Ballistic Computer,Early Modern Digital Ballistic Computer,,Ballistic Computer V,Computer_4,-1.0000000000000002E-2,,,0.25,,0.25,,0.25,,0.25,,,,,,,,0.15000000000000002,,,-0.15,0.54999999999999993,,,,6,,0.3,,,,2,,,,
,,2005,Modern Digital Ballistic Computer,Modern Digital Ballistic Computer,,Ballistic Computer VI,Computer_5,-1.0000000000000002E-2,,,0.30000000000000004,,0.30000000000000004,,0.30000000000000004,,0.30000000000000004,,,,,,,,0.2,,,-0.17499999999999999,0.64999999999999991,,,,6.75,,0.35,,,,2,,,,
,,2015,Advanced Modern Digital Ballistic Computer,Advanced Modern Digital Ballistic Computer,,Ballistic Computer VII,Computer_6,-1.0000000000000002E-2,,,0.35000000000000003,,0.35000000000000003,,0.35000000000000003,,0.35000000000000003,,,,,,,,0.25,,,-0.19999999999999998,0.74999999999999989,,,,7.5,,0.39999999999999997,,,,2,,,,
,,,,,,,,,,,,,,,,,,,,,,,,,,,,,,,,,,,,,,,,,,,
,Computing Artillery [DONE],1985,Artillery Ballistic Computer,Advanced Digital Ballistic Computer,,Artillery Ballistic Computer I,Computer_arty_0,-0.01,,,0.25,,0.25,,0.25,,0.25,,,,,,,,,,,-0.17499999999999999,0.45,,,,5.25,,0.25,,,,2,,,,
,,1995,Early Modern Artillery Ballistic Computer,Early Modern Digital Ballistic Computer,,Artillery Ballistic Computer II,Computer_arty_1,-0.01,,,0.3,,0.3,,0.3,,0.3,,,,,,,,,,,-0.19999999999999998,0.55000000000000004,,,,6,,0.3,,,,2,,,,
,,2005,Modern Artillery Ballistic Computer,Modern Digital Ballistic Computer,,Artillery Ballistic Computer III,Computer_arty_2,-0.01,,,0.35,,0.35,,0.35,,0.35,,,,,,,,,,,-0.22499999999999998,0.65,,,,6.75,,0.35,,,,2,,,,
,,2015,Advanced Modern Artillery Ballistic Computer,Advanced Modern Digital Ballistic Computer,,Artillery Ballistic Computer IV,Computer_arty_3,-0.01,,,0.39999999999999997,,0.39999999999999997,,0.39999999999999997,,0.39999999999999997,,,,,,,,,,,-0.24999999999999997,0.75,,,,7.5,,0.39999999999999997,,,,2,,,,
,,,,,,,,,,,,,,,,,,,,,,,,,,,,,,,,,,,,,,,,,,,
,Computing SPAAG [DONE],1960,Early Cold War Radar,Radar 1960,,Radar I,Radar_0,-0.05,,,,,,,,,,,,,,,,,,,,-0.05,1,Нужно ли добавить топливо в запас?,,0.2,4,,0.1,,,,1,,,,
,,1970,Mid-Cold War Radar,Radar 1970,,Radar II,Radar_1,-0.05,,,,,,,,,,,,,,,,,,,,-7.5000000000000011E-2,1.2,,,0.25,4.75,,0.15000000000000002,,,,1,,,,
,,1980,Late Cold War Radar,Radar 1980,,Radar III,Radar_2,-0.05,,,,,,,,,,,,,,,,,,,,-0.1,1.4,,,0.3,5.5,,0.2,,,,1,,,,
,,1990,Early Modern Radar,Radar 1990,,Radar IV,Radar_3,-0.05,,,,,,,,,,,,,,,,,,,,-0.125,1.5999999999999999,,,0.35,6.25,,0.25,,,,2,,,,
,,2000,Modern Radar,Radar 2000,,Radar V,Radar_4,-0.05,,,,,,,,,,,,,,,,,,,,-0.15,1.7999999999999998,,,0.39999999999999997,7,,0.3,,,,2,,,,
,,2010,Improved Modern Radar,Radar 2010,,Radar VI,Radar_5,-0.05,,,,,,,,,,,,,,,,,,,,-0.17499999999999999,1.9999999999999998,,,0.44999999999999996,7.75,,0.35,,,,2,,,,
,,2020,Advanced Modern Radar,Radar 2020,,Radar VII,Radar_6,-0.05,,,,,,,,,,,,,,,,,,,,-0.19999999999999998,2.1999999999999997,,,0.49999999999999994,8.5,,0.39999999999999997,,,,2,,,,
,,,,,,,,,,,,,,,,,,,,,,,,,,,,,,,,,,,,,,,,,,,
,,,,,,,,,,,,,,,,,,,,,,,,,,,,,,,,,,,,,,,,,,,
Category,Type,Year,Module name,Unclocked by Tech,Tech Name,,Module Loc Name,Stats,,,,,,,,,,,,,,,,,,,,,,,,,,,,Resources,,,,,,,
,,,,,Long,Short,,"Reliability, %",Hardness,Hard attack,"Hard attack, %",Soft attack,"Soft attack, %",Breakthrough,"Breakthrough, %",Defence,"Defence, %",Armor,"Armor, %",Piercing,"Piercing, %",Max speed,"Max speed, %",Recon,"Recon, %",Entrenchment,Supply consumption,"Supply consumption, %",Fuel consumption,"Fuel consumption, %",Air Attack,"Air Attack, %",Production cost,"Production cost, %",Dismantling cost,Electricity,Construction metals,Light metals,Rare-earth metals,Nuclear materials,,,
Engines & suspension,Diesel Engines [DONE],1939,World War II diesel engine,WWII Combustion Engines,,Combustion Engines I,Diesel_0,0.1,,,,,,,,,,,,,,,,,,,,,2,,,,2,,0.2,,1,,,,,,
,,1950,Post-war diesel engine,Post-WWII Combustion Engines,,Combustion Engines II,Diesel_1,0.125,,,,,,,,,,,,,,,0.02,,,,,,1.9,-0.02,,,2.2999999999999998,,0.25,,1,,,,,,
,,1960,Early Cold War diesel engine,Early Cold War Combustion Engines,,Combustion Engines III,Diesel_2,0.15,,,,,,,,,,,,,,,0.04,,,,,,1.7999999999999998,-0.04,,,2.5999999999999996,,0.3,,1,,,,,,
,,1970,Mid-Cold War diesel engine,Mid-Cold War Combustion Engines,,Combustion Engines IV,Diesel_3,0.17499999999999999,,,,,,,,,,,,,,,0.06,,,,,,1.6999999999999997,-0.06,,,2.8999999999999995,,0.35,,1,,,,,,
,,1980,Late Cold War diesel engine,Late Cold War Combustion Engines,,Combustion Engines V,Diesel_4,0.19999999999999998,,,,,,,,,,,,,,,0.08,,,,,,1.5999999999999996,-0.08,,,3.1999999999999993,,0.39999999999999997,,2,,,,,,
,,2000,Modern diesel engine,Modern Combustion Engines,,Combustion Engines VI,Diesel_5,0.22499999999999998,,,,,,,,,,,,,,,0.1,,,,,,1.4999999999999996,-0.1,,,3.4999999999999991,,0.44999999999999996,,2,1,,,,,
,,2020,Hybrid diesel-electric propulsion,Hybrid Diesel-Electric Propulsion,,Combustion Engines VII,Diesel_6,0.24999999999999997,,,,,,6,0.1,6,0.1,,,,,1,0.12000000000000001,,,,,,1.3999999999999995,-0.12000000000000001,,,3.7999999999999989,0.05,0.79999999999999993,,2,3,1,,,,
,,,,,,,,,,,,,,,,,,,,,,,,,,,,,,,,,,,,,,,,,,,
,Petrol Engines [DONE],1939,World War II petrol engine,WWII Combustion Engines,,Combustion Engines I,Petrol_0,,,,,,,,,,,,,,,1,0.05,,,,,,2.4,,,,1,,0.2,,,,,,,,
,,1950,Post-war petrol engine,Post-WWII Combustion Engines,,Combustion Engines II,Petrol_1,2.5000000000000001E-2,,,,,,,,,,,,,,1,7.0000000000000007E-2,,,,,,2.2999999999999998,-0.02,,,1.3,,0.25,,,,,,,,
,,1960,Early Cold War petrol engine,Early Cold War Combustion Engines,,Combustion Engines III,Petrol_2,0.05,,,,,,,,,,,,,,1,9.0000000000000011E-2,,,,,,2.1999999999999997,-0.04,,,1.6,,0.3,,,,,,,,
,,1970,Mid-Cold War petrol engine,Mid-Cold War Combustion Engines,,Combustion Engines IV,Petrol_3,7.5000000000000011E-2,,,,,,,,,,,,,,1,0.11000000000000001,,,,,,2.0999999999999996,-0.06,,,1.9000000000000001,,0.35,,,,,,,,
,,,,,,,,,,,,,,,,,,,,,,,,,,,,,,,,,,,,,,,,,,,
,Gas Turbine Engines [DONE],1960,Early Cold War gas turbine engine,Early Cold War Gas Turbine Engines,,Gas Turbine Engines I,GT_0,-0.05,,,,,,3,,3,,,,,,2,0.2,,,,,,3.5,,,,7,,0.3,,2,1,,,,,
,,1970,Mid-Cold War gas turbine engine,Mid-Cold War Gas Turbine Engines,,Gas Turbine Engines II,GT_1,2.4999999999999994E-2,,,,,,3.5,,3.5,,,,,,2,0.22,,,,,,3.4,-0.04,,,7.3,,0.35,,2,1,,,,,
,,1980,Late Cold War gas turbine engine,Late Cold War Gas Turbine Engines,,Gas Turbine Engines III,GT_2,9.9999999999999992E-2,,,,,,4,,4,,,,,,2,0.24,,,,,,3.3,-0.08,,,7.6,,0.39999999999999997,,2,1,,,,,
,,2000,Modern gas turbine engine,Modern Gas Turbine Engines,,Gas Turbine Engines IV,GT_3,0.17499999999999999,,,,,,4.5,,4.5,,,,,,2,0.26,,,,,,3.1999999999999997,-0.12,,,7.8999999999999995,,0.44999999999999996,,2,2,,,,,
,,,,,,,,,,,,,,,,,,,,,,,,,,,,,,,,,,,,,,,,,,,
,APU [DONE],1939,World War II auxiliary power unit,WWII Combustion Engines,,Combustion Engines I,APU_0,0.01,,,,,,,,,,,,,,,,,,,,,,-0.05,,,0.25,,0.1,,,,,,,,
,,1950,Post-war auxiliary power unit,Post-WWII Combustion Engines,,Combustion Engines II,APU_1,1.4999999999999999E-2,,,,,,,,,,,,,,,,,,,,,,-7.5000000000000011E-2,,,0.5,,0.15000000000000002,,,,,,,,
,,1960,Early Cold War auxiliary power unit,Early Cold War Combustion Engines,,Combustion Engines III,APU_2,0.02,,,,,,,,,,,,,,,,,,,,,,-0.1,,,0.75,,0.2,,,,,,,,
,,1970,Mid-Cold War auxiliary power unit,Mid-Cold War Combustion Engines,,Combustion Engines IV,APU_3,2.5000000000000001E-2,,,,,,,,,,,,,,,,,,,,,,-0.125,,,1,,0.25,,,,,,,,
,,1980,Late Cold War auxiliary power unit,Late Cold War Combustion Engines,,Combustion Engines V,APU_4,3.0000000000000002E-2,,,,,,1,,2,,,,,,,,,,,,,,-0.15,,,1.25,,0.3,,,,,,,,
,,2000,Modern auxiliary power unit,Modern Combustion Engines,,Combustion Engines VI,APU_5,3.5000000000000003E-2,,,,,,2,,3,,,,,,,,,,,,,,-0.17499999999999999,,,1.5,,0.35,,,,,,,,
,,2020,Fuel cell auxiliary power unit,Hybrid Diesel-Electric Propulsion,,Combustion Engines VII,APU_6,6.0000000000000005E-2,,,,,,4,,4,,,,,,,,,,,,,,-0.3,,,4,,0.39999999999999997,,,1,1,,,,
,,,,,,,,,,,,,,,,,,,,,,,,,,,,,,,,,,,,,,,,,,,
,Gas Turbine APU [DONE],1960,Early Cold War gas turbine auxiliary power unit,Early Cold War Gas Turbine Engines,,Gas Turbine Engines I,GT_APU_0,0.03,,,,,,,,,,,,,,,,,,,,,,-0.2,,,1.5,,0.2,,,,,,,,
,,1970,Mid-Cold War gas turbine auxiliary power unit,Mid-Cold War Gas Turbine Engines,,Gas Turbine Engines II,GT_APU_1,3.4999999999999996E-2,,,,,,,,,,,,,,,,,,,,,,-0.22500000000000001,,,2,,0.25,,,,,,,,
,,1980,Late Cold War gas turbine auxiliary power unit,Late Cold War Gas Turbine Engines,,Gas Turbine Engines III,GT_APU_2,3.9999999999999994E-2,,,,,,2,,1,,,,,,,,,,,,,,-0.25,,,2.5,,0.3,,,,,,,,
,,2000,Modern gas turbine auxiliary power unit,Modern Gas Turbine Engines,,Gas Turbine Engines IV,GT_APU_3,4.4999999999999991E-2,,,,,,3,,2,,,,,,,,,,,,,,-0.27500000000000002,,,3,,0.35,,,,,,,,
,,,,,,,,,,,,,,,,,,,,,,,,,,,,,,,,,,,,,,,,,,,
,Basic Suspension [DONE],1939,4-wheel suspension,Base,,Base,Wheel_4,,-0.3,,,,,,,,,,,,,,-0.05,,,,,,,0.1,,,-0.5,-0.1,0.1,,,,,,,,
,,1939,6-wheel suspension,Base,,Base,Wheel_6,,-0.19999999999999998,,,,,0.5,,0.5,,,,,,,0.05,,,,,,,0.05,,,,,0.15,,,,,,,,
,,1939,8-wheel suspension,Base,,Base,Wheel_8,,-9.9999999999999978E-2,,,,,1,,1,,,,,,,0.15,,,,,,,,,,0.5,,0.2,,,,,,,,
,,1939,Half-track suspension,Base,,Base,Half_track,-0.1,-0.19999999999999998,,,,,1,,,,,,,,,-0.05,,,,,,,0.05,,,0.60000000000000009,,0.2,,,,,,,,
,,1939,Bogie suspension,Base,,Base,Bogie_0,,,,,,,1,,2,,,,,,,-0.15,,,,,,,7.5000000000000011E-2,,,0.7,,0.2,,1,,,,,,
,,1939,Independent internal suspension,Base,,Base,Independent_internal_0,-7.4999999999999997E-2,,,,,,3,,1,,,,,,,0.1,,,,,,,,,,1,,1,,1,,,,,,
,,1939,Independent external suspension,Base,,Base,Independent_external_0,0.05,,,,,,2,,3,,,,,,,-7.4999999999999997E-2,,,,,,,0.05,,,1,,0.2,,1,,,,,,
,,1939,Torsion bar suspension,Base,,Base,Torsion_0,0.1,,,,,,3,,3,,,,,,,,,,,,,,,,,1.5,,0.5,,2,,,,,,
,,,,,,,,,,,,,,,,,,,,,,,,,,,,,,,,,,,,,,,,,,,
,Advanced Suspension [DONE],1942,Bogie Suspension With Shock Absorbers,Modernized Suspension,,Modernized Suspension,Bogie_1,2.5000000000000001E-2,,,,,,1.5,,2.5,,,,,,,-0.125,,,,,,,7.5000000000000011E-2,,,1,,0.30000000000000004,,1,,,,,,
,,1942,Independent Internal Suspension With Shock Absorbers,Modernized Suspension,,Modernized Suspension,Independent_internal_1,-4.9999999999999996E-2,,,,,,3.5,,1.5,,,,,,,0.125,,,,,,,,,,1.3,,1.1000000000000001,,1,,,,,,
,,1942,Independent External Suspension With Shock Absorbers,Modernized Suspension,,Modernized Suspension,Independent_external_1,7.5000000000000011E-2,,,,,,2.5,,3.5,,,,,,,-4.9999999999999996E-2,,,,,,,0.05,,,1.3,,0.30000000000000004,,1,,,,,,
,,1942,Torsion Bar Suspension With Shock Absorbers,Modernized Suspension,,Modernized Suspension,Torsion_1,0.125,,,,,,3.5,,3.5,,,,,,,2.5000000000000001E-2,,,,,,,,,,1.8,,0.6,,1,,,,,,
,,1942,Hydro-Pneumatic Suspension,Modernized Suspension,,Modernized Suspension,Hydro_pneumatic_0,7.4999999999999997E-2,,,,,,5,,5,,,,,,,0.05,,,,,,,,,0.05,3.5,,0.5,,1,1,,,,,
,,1960,Variable Hydro-Pneumatic Suspension,Tracked Hydro-Pneumatic Suspension,,Tracked Hydro-Pneumatic Suspension,Hydro_pneumatic_1,7.4999999999999997E-2,,,,,,7,0.05,7,0.05,,,,,,0.05,,,,,,0.2,,,7.5000000000000011E-2,4.5,,0.7,,1,1,,,,,
,,2010,Active Suspension,Tracked Active Suspension,,Tracked Active Suspension,Hydro_pneumatic_2,7.4999999999999997E-2,,,,,,9,7.5000000000000011E-2,9,7.5000000000000011E-2,,,,,,0.15,,,,,,0.4,-0.05,,0.1,6.5,,0.89999999999999991,,1,1,1,,,,
,,,,,,,,,,,,,,,,,,,,,,,,,,,,,,,,,,,,,,,,,,,
,,,,,,,,,,,,,,,,,,,,,,,,,,,,,,,,,,,,,,,,,,,
Category,Type,Year,Module name,Unclocked by Tech,Tech Name,,Module Loc Name,Stats,,,,,,,,,,,,,,,,,,,,,,,,,,,,Resources,,,,,,,
,,,,,Long,Short,,"Reliability, %",Hardness,Hard attack,"Hard attack, %",Soft attack,"Soft attack, %",Breakthrough,"Breakthrough, %",Defence,"Defence, %",Armor,"Armor, %",Piercing,"Piercing, %",Max speed,"Max speed, %",Recon,"Recon, %",Entrenchment,Supply consumption,"Supply consumption, %",Fuel consumption,"Fuel consumption, %",Air Attack,"Air Attack, %",Production cost,"Production cost, %",Dismantling cost,Electricity,Construction metals,Light metals,Rare-earth metals,Nuclear materials,,,
Tank Guns,Light Tank Guns,1939,Early WWII Light Gun,Early WWII Light Gun,,Light Gun I,tank_light_cannon0,-0.05,,,-0.55000000000000004,,-0.55000000000000004,,,,,,,,-0.8,-0.2,,,,,,,,,,,1.5,,0.2,,1,,,,,,
,,1942,Mid-WWII Light Gun,Mid-WWII Light Gun,,Light Gun II,tank_light_cannon1,-0.1,,,-0.45000000000000007,,-0.45000000000000007,,,,,,,,-0.6,-0.3,,,,,,,,,,,1.8,,0.2,,1,,,,,,
,,1944,Late WWII Light Gun,Late WWII Light Gun,,Light Gun III,tank_light_cannon2,-0.15,,,-0.35000000000000009,,-0.35000000000000009,,,,,,,,-0.4,-0.3,,,,,,,,,,,2.1,,0.2,,1,,,,,,
,,1950,Post-WWII Light Gun,Post-WWII Light Gun,,Light Gun IV,tank_light_cannon3,-0.15,,,-0.25000000000000011,,-0.25000000000000011,,,,,,,,-0.2,-0.3,,,,,,,,,,,2.4,,0.2,,1,,,,,,
,,1960,Early Cold War Light Gun,Early Cold War Light Gun,,Light Gun V,tank_light_cannon4,-0.2,,,-0.20000000000000012,,-0.20000000000000012,,,,,,,,-0.185,-0.4,,,,,,,,,,,2.6999999999999997,,0.2,,2,,,,,,
,,1970,Mid-Cold War Light Gun,Mid-Cold War Light Gun,,Light Gun VI,tank_light_cannon5,-0.2,,,-0.15000000000000013,,-0.15000000000000013,,,,,,,,-0.16999999999999998,-0.4,,,,,,,,,,,2.9999999999999996,,0.2,,2,,,,,,
,,1980,Late Cold War Light Gun,Late Cold War Light Gun,,Light Gun VII,tank_light_cannon6,-0.2,,,-0.10000000000000013,,-0.10000000000000013,,,,,,,,-0.15499999999999997,-0.4,,,,,,,,,,,3.2999999999999994,,0.2,,2,,,,,,
,,1990,Early Modern Light Gun,Early Modern Light Gun,,Light Gun VIII,tank_light_cannon7,-0.2,,,-5.0000000000000128E-2,,-5.0000000000000128E-2,,,,,,,,-0.13999999999999996,-0.5,,,,,,,,,,,3.5999999999999992,,0.2,,2,,,,,,
,,2005,Modern Light Gun,Modern Light Gun,,Light Gun IX,tank_light_cannon8,-0.2,,,-1.2490009027033011E-16,,-1.2490009027033011E-16,,,,,,,,-0.12499999999999996,-0.5,,,,,,,,,,,3.899999999999999,,0.2,,2,,,,,,
,,2015,Advanced Modern Light Gun,Advanced Modern Light Gun,,Light Gun X,tank_light_cannon9,-0.2,,,4.9999999999999878E-2,,4.9999999999999878E-2,,,,,,,,-0.10999999999999996,-0.5,,,,,,,,,,,4.1999999999999993,,0.2,,2,,,,,,
,,,,,,,,,,,,,,,,,,,,,,,,,,,,,,,,,,,,,,,,,,,
,Medium Tank Guns,1939,Early WWII Medium Gun,Early WWII Medium Gun,,Medium Gun I,tank_medium_cannon0,-0.15,,,-0.3,,-0.3,,,,,,,,-0.55000000000000004,-0.4,,,,,,,,,,,3,,0.3,,2,,,,,,
,,1942,Mid-WWII Medium Gun,Mid-WWII Medium Gun,,Medium Gun II,tank_medium_cannon1,-0.2,,,-0.19999999999999998,,-0.19999999999999998,,,,,,,,-0.3,-0.5,,,,,,,,,,,3.4,,0.3,,2,,,,,,
,,1944,Late WWII Medium Gun,Late WWII Medium Gun,,Medium Gun III,tank_medium_cannon2,-0.25,,,-9.9999999999999978E-2,,-9.9999999999999978E-2,,,,,,,,-0.15,-0.5,,,,,,,,,,,3.8,,0.3,,2,,,,,,
,,1950,Post-WWII Medium Gun,Post-WWII Medium Gun,,Medium Gun IV,tank_medium_cannon3,-0.25,,,0,,0,,,,,,,,0,-0.5,,,,,,,,,,,4.2,,0.3,,2,,,,,,
,,1960,Early Cold War MBT Smoothbore Gun,Early Cold War MBT Gun,,MBT Smoothbore Gun I,tank_smooth_mbt_cannon1,-0.3,,,2.5000000000000001E-2,,2.5000000000000001E-2,,,,,,,,0.125,-0.6,,,,,,,,,,,4.6000000000000005,,0.3,,3,,,,,,
,,1970,Mid-Cold War MBT Smoothbore Gun,Mid-Cold War MBT Gun,,MBT Smoothbore Gun II,tank_smooth_mbt_cannon2,-0.3,,,7.5000000000000011E-2,,7.5000000000000011E-2,,,,,,,,0.15,-0.6,,,,,,,,,,,5.0000000000000009,,0.3,,3,,,,,,
,,1980,Late Cold War MBT Smoothbore Gun,Late Cold War MBT Gun,,MBT Smoothbore Gun III,tank_smooth_mbt_cannon3,-0.3,,,0.125,,0.125,,,,,,,,0.17499999999999999,-0.6,,,,,,,,,,,5.4000000000000012,,0.3,,3,,,,,,
,,1990,Early Modern MBT Smoothbore Gun,Early Modern MBT Gun,,MBT Smoothbore Gun IV,tank_smooth_mbt_cannon4,-0.3,,,0.17499999999999999,,0.17499999999999999,,,,,,,,0.19999999999999998,-0.7,,,,,,,,,,,5.8000000000000016,,0.3,,3,,,,,,
,,2005,Modern MBT Smoothbore Gun,Modern MBT Gun,,MBT Smoothbore Gun V,tank_smooth_mbt_cannon5,-0.3,,,0.22499999999999998,,0.22499999999999998,,,,,,,,0.22499999999999998,-0.7,,,,,,,,,,,6.200000000000002,,0.3,,3,,,,,,
,,2015,Advanced Modern MBT Smoothbore Gun,Advanced Modern MBT Gun,,MBT Smoothbore Gun VI,tank_smooth_mbt_cannon6,-0.3,,,0.27499999999999997,,0.27499999999999997,,,,,,,,0.24999999999999997,-0.7,,,,,,,,,,,6.6000000000000023,,0.3,,3,,,,,,
,,1960,Early Cold War MBT Rifled Gun,Early Cold War MBT Gun,,MBT Rifled Gun I,tank_rifled_mbt_cannon1,-0.3,,,7.4999999999999997E-2,,7.4999999999999997E-2,,,,,,,,2.5000000000000001E-2,-0.6,,,,,,,,,,,5,,0.3,,3,,,,,,
,,1970,Mid-Cold War MBT Rifled Gun,Mid-Cold War MBT Gun,,MBT Rifled Gun II,tank_rifled_mbt_cannon2,-0.3,,,0.125,,0.125,,,,,,,,0.05,-0.6,,,,,,,,,,,5.4,,0.3,,3,,,,,,
,,1980,Late Cold War MBT Rifled Gun,Late Cold War MBT Gun,,MBT Rifled Gun III,tank_rifled_mbt_cannon3,-0.3,,,0.17499999999999999,,0.17499999999999999,,,,,,,,7.5000000000000011E-2,-0.6,,,,,,,,,,,5.8000000000000007,,0.3,,3,,,,,,
,,1990,Early Modern MBT Rifled Gun,Early Modern MBT Gun,,MBT Rifled Gun IV,tank_rifled_mbt_cannon4,-0.3,,,0.22499999999999998,,0.22499999999999998,,,,,,,,0.1,-0.7,,,,,,,,,,,6.2000000000000011,,0.3,,3,,,,,,
,,2005,Modern MBT Rifled Gun,Modern MBT Gun,,MBT Rifled Gun V,tank_rifled_mbt_cannon5,-0.3,,,0.27499999999999997,,0.27499999999999997,,,,,,,,0.125,-0.7,,,,,,,,,,,6.6000000000000014,,0.3,,3,,,,,,
,,2015,Advanced Modern MBT Rifled Gun,Advanced Modern MBT Gun,,MBT Rifled Gun VI,tank_rifled_mbt_cannon6,-0.3,,,0.32499999999999996,,0.32499999999999996,,,,,,,,0.15,-0.7,,,,,,,,,,,7.0000000000000018,,0.3,,3,,,,,,
,,,,,,,,,,,,,,,,,,,,,,,,,,,,,,,,,,,,,,,,,,,
,Heavy Tank Guns,1942,Mid-WWII Heavy Gun,Mid-WWII Heavy Gun,,Heavy Gun I,tank_heavy_cannon0,-0.3,,,0,,0,,,,,,,,-0.05,-0.6,,,,,,,,,,,6,,0.4,,3,,,,,,
,,1944,Late WWII Heavy Gun,Late WWII Heavy Gun,,Heavy Gun II,tank_heavy_cannon1,-0.3,,,0.05,,0.05,,,,,,,,0,-0.6,,,,,,,,,,,6.5,,0.4,,3,,,,,,
,,1950,Post-WWII Heavy Gun,Post-WWII Heavy Gun,,Heavy Gun III,tank_heavy_cannon2,-0.3,,,0.1,,0.1,,,,,,,,0.15,-0.7,,,,,,,,,,,7,,0.4,,3,,,,,,
,,1955,Early Cold War Heavy Gun,Early Cold War Heavy Gun,,Heavy Gun IV,tank_heavy_cannon3,-0.35,,,0.15000000000000002,,0.15000000000000002,,,,,,,,0.2,-0.7,,,,,,,,,,,7.5,,0.4,,3,,,,,,
,,,,,,,,,,,,,,,,,,,,,,,,,,,,,,,,,,,,,,,,,,,
,Super Heavy Gun,1955,Early Cold War Super Heavy Gun,Early Cold War Super Heavy Gun,,Super-Heavy Gun I,tank_super_heavy_cannon,-0.4,,,0.25,,0.25,,,,,,,,0.35,-1.2,,,,,,,,,,,8,,0.5,,5,,,,,,
,,,,,,,,,,,,,,,,,,,,,,,,,,,,,,,,,,,,,,,,,,,
,Gun-ATGM Launcher,1960,Gun-ATGM Launcher,Gun-ATGM Launcher,,Gun-ATGM Launcher,tank_atgm_launcher_cannon,-0.3,,,0.125,,0.125,,,,,,,,0.2,-0.6,,,,,,,,,,,5.2,,0.3,,2,,,,,,
,,,,,,,,,,,,,,,,,,,,,,,,,,,,,,,,,,,,,,,,,,,
,Heavy MBT Guns,1990,Early Heavy MBT Gun,Early Heavy MBT Gun,,Heavy MBT Gun I,tank_mbt_heavy_cannon0,-0.4,,,0.25,,0.25,,,,,,,,0.4,-0.8,,,,,,,,,,,7.5,,0.3,,4,,,,,,
,,2000,Modernized Heavy MBT Gun,Modernized Heavy MBT Gun,,Heavy MBT Gun II,tank_mbt_heavy_cannon1,-0.35,,,0.3,,0.3,,,,,,,,0.45,-0.8,,,,,,,,,,,8.1,,0.3,,4,,,,,,
,,2010,Advanced Heavy MBT Gun,Advanced Heavy MBT Gun,,Heavy MBT Gun III,tank_mbt_heavy_cannon2,-0.35,,,0.35,,0.35,,,,,,,,0.5,-0.8,,,,,,,,,,,8.6999999999999993,,0.3,,4,,,,,,
,,,,,,,,,,,,,,,,,,,,,,,,,,,,,,,,,,,,,,,,,,,
,Low-Pressure Guns,1950,Post-WWII Low-Pressure Gun,Post-WWII Low-Pressure Gun,,Low-Pressure Gun I,tank_low_p_cannon0,-0.1,,,-0.35,,-0.35,,,,,,,,-0.2,-0.2,,,,,,,,,,,2,,0.2,,1,,,,,,
,,1960,Early Cold War Low-Pressure Gun,Early Cold War Low-Pressure Gun,,Low-Pressure Gun II,tank_low_p_cannon1,-0.1,,,-0.3,,-0.3,,,,,,,,-0.185,-0.2,,,,,,,,,,,2.2999999999999998,,0.2,,1,,,,,,
,,1970,Mid-Cold War Low-Pressure Gun,Mid-Cold War Low-Pressure Gun,,Low-Pressure Gun III,tank_low_p_cannon2,-0.1,,,-0.25,,-0.25,,,,,,,,-0.17,-0.2,,,,,,,,,,,2.5999999999999996,,0.2,,1,,,,,,
,,1990,Early Modern Low-Pressure Gun,Early Modern Low-Pressure Gun,,Low-Pressure Gun IV,tank_low_p_cannon3,-0.1,,,-0.2,,-0.2,,,,,,,,-0.14000000000000001,-0.3,,,,,,,,,,,2.8999999999999995,,0.2,,1,,,,,,
,,,,,,,,,,,,,,,,,,,,,,,,,,,,,,,,,,,,,,,,,,,
,,,,,,,,,,,,,,,,,,,,,,,,,,,,,,,,,,,,,,,,,,,
Category,Type,Year,Module name,Unclocked by Tech,Tech Name,,Module Loc Name,Stats,,,,,,,,,,,,,,,,,,,,,,,,,,,,Resources,,,,,,,
,,,,,Long,Short,,"Reliability, %",Hardness,Hard attack,"Hard attack, %",Soft attack,"Soft attack, %",Breakthrough,"Breakthrough, %",Defence,"Defence, %",Armor,"Armor, %",Piercing,"Piercing, %",Max speed,"Max speed, %",Recon,"Recon, %",Entrenchment,Supply consumption,"Supply consumption, %",Fuel consumption,"Fuel consumption, %",Air Attack,"Air Attack, %",Production cost,"Production cost, %",Dismantling cost,Electricity,Construction metals,Light metals,Rare-earth metals,Nuclear materials,,,
Primary Tank Ammo,Armor Piercing,1939,AP Ammunition,AP Ammunition,,AP Ammo I,ap_0p,,,20,,,,,,,,,,150,,,,,,,,,,,,,0.25,,0.05,,,,,,,,
,,1942,APCR Ammunition,APCR Ammunition,,AP Ammo II,ap_1p,,,30,,,,,,,,,,200,,,,,,,,,,,,,0.5,,0.05,,,,,,,,
,,1950,APDS Ammunition,APDS Ammunition,,AP Ammo III,ap_2p,,,40,,,,,,,,,,250,,,,,,,,,,,,,0.75,,0.05,,,,,,,,
,,1960,APFSDS Ammunition,APFSDS Ammunition,,AP Ammo IV,ap_3p,,,50,,,,,,,,,,300,,,,,,,,,,,,,1,,0.05,,,,,,,,
,,1970,Elongated APFSDS Ammunition,Elongated APFSDS Ammunition,,AP Ammo V,ap_4p,,,60,,,,,,,,,,375,,,,,,,,,,,,,1.25,,0.05,,,,,,,,
,,1980,Advanced APFSDS Ammunition,Advanced APFSDS Ammunition,,AP Ammo VI,ap_5p,,,70,,,,,,,,,,450,,,,,,,,,,,,,1.5,,0.05,,,,,,,,
,,1990,Early Modern APFSDS Ammunition,Early Modern APFSDS Ammunition,,AP Ammo VII,ap_6p,,,80,,,,,,,,,,550,,,,,,,,,,,,,1.75,,0.05,,,,,,,,
,,2000,Modern APFSDS Ammunition,Modern APFSDS Ammunition,,AP Ammo VIII,ap_7p,,,90,,,,,,,,,,650,,,,,,,,,,,,,2,,0.05,,,,,,,,
,,2015,Advanced Modern APFSDS Ammunition,Advanced Modern APFSDS Ammunition,,AP Ammo IX,ap_8p,,,100,,,,,,,,,,775,,,,,,,,,,,,,2.25,,0.05,,,,,,,,
,,,,,,,,,,,,,,,,,,,,,,,,,,,,,,,,,,,,,,,,,,,
,Armor Piercing DU,1980,Advanced DU APFSDS Ammunition,Advanced DU APFSDS Ammunition,,AP DU Ammo I,ap_du_1p,,,78,,,,,,,,,,500,,,,,,,,,,,,,1.8,,0.05,,,,,,,,
,,1990,Early Modern DU APFSDS Ammunition,Early Modern DU APFSDS Ammunition,,AP DU Ammo II,ap_du_2p,,,88,,,,,,,,,,600,,,,,,,,,,,,,2.0499999999999998,,0.05,,,,,,,,
,,2000,Modern DU APFSDS Ammunition,Modern DU APFSDS Ammunition,,AP DU Ammo III,ap_du_3p,,,98,,,,,,,,,,700,,,,,,,,,,,,,2.2999999999999998,,0.05,,,,,,,,
,,2015,Advanced Modern DU APFSDS Ammunition,Advanced Modern DU APFSDS Ammunition,,AP DU Ammo IV,ap_du_4p,,,108,,,,,,,,,,825,,,,,,,,,,,,,2.5499999999999998,,0.05,,,,,,,,
,,,,,,,,,,,,,,,,,,,,,,,,,,,,,,,,,,,,,,,,,,,
,HEAT,1942,WWII HEAT Ammunition,Mid-WWII HEAT Ammunition,,HEAT Ammo I,heat_0p,,,25,,5,,,,,,,,200,,,,,,,,,,,,,0.75,,0.05,,,,,,,,
,,1950,Post-WWII HEAT Ammunition,Post-WWII HEAT Ammunition,,HEAT Ammo II,heat_1p,,,35,,7.5,,,,,,,,300,,,,,,,,,,,,,1,,0.05,,,,,,,,
,,1960,Early Cold War HEAT Ammunition,Early Cold War HEAT Ammunition,,HEAT Ammo III,heat_2p,,,45,,10,,,,,,,,400,,,,,,,,,,,,,1.25,,0.05,,,,,,,,
,,1970,Mid-Cold War HEAT Ammunition,Mid-Cold War HEAT Ammunition,,HEAT Ammo IV,heat_3p,,,55,,12.5,,,,,,,,415,,,,,,,,,,,,,1.5,,0.05,,,,,,,,
,,1980,Late Cold War HEAT Ammunition,Late Cold War HEAT Ammunition,,HEAT Ammo V,heat_4p,,,65,,15,,,,,,,,430,,,,,,,,,,,,,1.75,,0.05,,,,,,,,
,,1990,Early Modern HEAT Ammunition,Early Modern HEAT Ammunition,,HEAT Ammo VI,heat_5p,,,75,,17.5,,,,,,,,445,,,,,,,,,,,,,2,,0.05,,,,,,,,
,,2000,Modern HEAT Ammunition,Modern HEAT Ammunition,,HEAT Ammo VII,heat_6p,,,85,,20,,,,,,,,460,,,,,,,,,,,,,2.25,,0.05,,,,,,,,
,,,,,,,,,,,,,,,,,,,,,,,,,,,,,,,,,,,,,,,,,,,
,HEAT DU,1985,Late Cold War DU HEAT Ammunition,Late Cold War DU HEAT Ammunition,,DU HEAT Ammo I,heat_du_1p,,,67,,12.5,,,,,,,,475,,,,,,,,,,,,,2.0499999999999998,,0.05,,,,,,,,
,,1995,Early Modern DU HEAT Ammunition,Early Modern DU HEAT Ammunition,,DU HEAT Ammo II,heat_du_2p,,,77,,15,,,,,,,,490,,,,,,,,,,,,,2.2999999999999998,,0.05,,,,,,,,
,,2005,Modern DU HEAT Ammunition,Modern DU HEAT Ammunition,,DU HEAT Ammo III,heat_du_3p,,,87,,17.5,,,,,,,,505,,,,,,,,,,,,,2.5499999999999998,,0.05,,,,,,,,
,,,,,,,,,,,,,,,,,,,,,,,,,,,,,,,,,,,,,,,,,,,
,HEAT MP,1985,Late Cold War HEAT-MP Ammunition,Late Cold War HEAT-MP Ammunition,,HEAT-MP Ammo I,heat_mp_1p,,,57.5,,22.5,,,,,,,,400,,,,,,,,,,,,,,,0.05,,,,,,,,
,,1995,Early Modern HEAT-MP Ammunition,Early Modern HEAT-MP Ammunition,,HEAT-MP Ammo II,heat_mp_2p,,,62.5,,25,,,,,,,,410,,,,,,,,,,,,,,,0.05,,,,,,,,
,,2005,Modern HEAT-MP Ammunition,Modern HEAT-MP Ammunition,,HEAT-MP Ammo III,heat_mp_3p,,,67.5,,27.5,,,,,,,,420,,,,,,,,,,,,,,,0.05,,,,,,,,
,,,,,,,,,,,,,,,,,,,,,,,,,,,,,,,,,,,,,,,,,,,
,HESH,1955,HESH Ammunition,HESH Ammunition,,HESH Ammo I,hesh_p,,,35,,12.5,,,,,,,,120,,,,,,,,,,,,,,,0.05,,,,,,,,
,,,,,,,,,,,,,,,,,,,,,,,,,,,,,,,,,,,,,,,,,,,
,GL ATGM,1965,Early Cold War ATGM Ammunition,ATGM 1965,,GL ATGM Ammo I,gl_atgm_0p,,,75,,2.5,,,,,,,,400,,,,,,,,,,,,,,,0.05,,,,,,,,
,,1975,Mid-Cold War ATGM Ammunition,ATGM 1975,,GL ATGM Ammo II,gl_atgm_1p,,,85,,4,,,,,,,,500,,,,,,,,,,,,,,,0.05,,,,,,,,
,,1985,Late Cold War ATGM Ammunition,ATGM 1985,,GL ATGM Ammo III,gl_atgm_2p,,,95,,5.5,,,,,,,,600,,,,,,,,,,,,,,,0.05,,,,,,,,
,,1995,Early Modern ATGM Ammunition,ATGM 1995,,GL ATGM Ammo IV,gl_atgm_3p,,,105,,7,,,,,,,,700,,,,,,,,,,,,,,,0.05,,,,,,,,
,,,,,,,,,,,,,,,,,,,,,,,,,,,,,,,,,,,,,,,,,,,
,HE,1942,WWII HE Ammunition,WWII HE Ammunition,,HE Ammo I,tank_he_0p,,,2.5,,10,,,,,,,,20,,,,,,,,,,,,,,,0.05,,,,,,,,
,,1955,Post-WWII HE Ammunition,Post-WWII HE Ammunition,,HE Ammo II,tank_he_1p,,,5,,15,,,,,,,,25,,,,,,,,,,,,,,,0.05,,,,,,,,
,,1970,Mid-Cold War HE Ammunition,Mid-Cold War HE Ammunition,,HE Ammo III,tank_he_2p,,,7.5,,20,,,,,,,,30,,,,,,,,,,,,,,,0.05,,,,,,,,
,,1985,Late Cold War HE Ammunition,Late Cold War HE Ammunition,,HE Ammo IV,tank_he_3p,,,10,,25,,,,,,,,35,,,,,,,,,,,,,,,0.05,,,,,,,,
,,2015,Modern HE Ammunition,Modern HE Ammunition,,HE Ammo V,tank_he_4p,,,12.5,,30,,,,,,,,40,,,,,,,,,,,,,,,0.05,,,,,,,,
,,,,,,,,,,,,,,,,,,,,,,,,,,,,,,,,,,,,,,,,,,,
,Heavy ATGM,1965,Early Cold War Heavy ATGM Ammunition,ATGM 1965,,Heavy ATGM Ammo I,h_atgm_0,,,,,3,,,,,,,,500,,,,,,,,,,,,,,,,,,,,,,,
,,1975,Mid-Cold War Heavy ATGM Ammunition,ATGM 1975,,Heavy ATGM Ammo II,h_atgm_1,,,,,4.5,,,,,,,,650,,,,,,,,,,,,,,,,,,,,,,,
,,1985,Late Cold War Heavy ATGM Ammunition,ATGM 1985,,Heavy ATGM Ammo III,h_atgm_2,,,,,6,,,,,,,,800,,,,,,,,,,,,,,,,,,,,,,,
,,1995,Early Modern Heavy ATGM Ammunition,ATGM 1995,,Heavy ATGM Ammo IV,h_atgm_3,,,,,7.5,,,,,,,,1000,,,,,,,,,,,,,,,,,,,,,,,
,,2005,Modern Heavy ATGM Ammunition,ATGM 2005,,Heavy ATGM Ammo V,h_atgm_4,,,,,9,,,,,,,,1200,,,,,,,,,,,,,,,,,,,,,,,
,,,,,,,,,,,,,,,,,,,,,,,,,,,,,,,,,,,,,,,,,,,
,,,,,,,,,,,,,,,,,,,,,,,,,,,,,,,,,,,,,,,,,,,
Secondary Tank Ammo,,,,,,,,,,,,,,,,,,,,,,,,,,,,,,,,,,,,,,,,,,,
,,,,,,,,,,,,,,,,,,,,,,,,,,,,,,,,,,,,,,,,,,,
,,,,,,,,,,,,,,,,,,,,,,,,,,,,,,,,,,,,,,,,,,,
,,,,,,,,,,,,,,,,,,,,,,,,,,,,,,,,,,,,,,,,,,,
,,,,,,,,,,,,,,,,,,,,,,,,,,,,,,,,,,,,,,,,,,,
,,,,,,,,,,,,,,,,,,,,,,,,,,,,,,,,,,,,,,,,,,,
,,,,,,,,,,,,,,,,,,,,,,,,,,,,,,,,,,,,,,,,,,,
,,,,,,,,,,,,,,,,,,,,,,,,,,,,,,,,,,,,,,,,,,,
Special Tank Ammo,,,,,,,,,,,,,,,,,,,,,,,,,,,,,,,,,,,,,,,,,,,
,,,,,,,,,,,,,,,,,,,,,,,,,,,,,,,,,,,,,,,,,,,
ATGM Mount,,,,,,,,,,,,,,,,,,,,,,,,,,,,,,,,,,,,,,,,,,,

Category,Type,Year,Module name,Unclocked by Tech,Tech Name,,Module Loc Name,Stats,,,,,,,,,,,,,,,,,,,,,,,,,,,,,,,,,,,
,,,,,Long,Short,,"Reliability, %",Hardness,Hard attack,"Hard attack, %",Soft attack,"Soft attack, %",Breakthrough,"Breakthrough, %",Defence,"Defence, %",Armor,"Armor, %",Piercing,"Piercing, %",Max speed,"Max speed, %",Recon,"Recon, %",Entrenchment,Supply consumption,"Supply consumption, %",Fuel consumption,"Fuel consumption, %",Air Attack,"Air Attack, %",Production cost,"Production cost, %",Dismantling cost,Electricity,Construction metals,Light metals,Rare-earth metals,Nuclear materials,,,
Script-Owned [NEEDS REVIEW],"These 22 modules exist in 00_tank_modules.txt but have never had a balance-sheet row. Values below are read back from script as of this pass, not authored here. Decide per family: add to the workbook, or declare script-owned and stop treating the sheet as complete.",,,,,,,,,,,,,,,,,,,,,,,,,,,,,,,,,,,,,,,,,,
,Other,,flamethrower,,,,flamethrower,-5%,,,,5,,,,,,,,,,,,,,,,,,,,,0.5,,0.5,,,,,,"parent=none; unlock=nsb_iw_armored_vehicles@1918; xp_cost=present; dismantle_cost_ic=0.5; conversion=module_category=tank_small_main_armament,convert_cost_ic=0.5; operations=add=build_cost_ic:0.5,reliability:-0.05,soft_attack:5; exclusions=category,eligibility,abbreviation,display",,
,Anti-Air Cannons,,tank_anti_air_cannon,,,,tank_anti_air_cannon,-10%,,2,,6,,,,,,,,10,,,,,,,,,,,18,,2,,1,,,,,,"parent=none; unlock=nsb_iw_armored_vehicles@1918; xp_cost=present; dismantle_cost_ic=1.0; conversion=none; operations=add=air_attack:18,ap_attack:10,build_cost_ic:2,hard_attack:2,reliability:-0.1,soft_attack:6; exclusions=category,eligibility,abbreviation,display",,
,,,tank_anti_air_cannon_2,,,,tank_anti_air_cannon_2,-10%,,5,,8,,,,,,,,18,,,,,,,,,,,32,,3,,1,,2,,1,,"parent=tank_anti_air_cannon; unlock=nsb_aiming_devices2@1955; xp_cost=present; dismantle_cost_ic=1.0; conversion=none; operations=add=air_attack:32,ap_attack:18,build_cost_ic:3,hard_attack:5,reliability:-0.1,soft_attack:8; resources=steel:2,tungsten:1; exclusions=category,eligibility,abbreviation,display",,
,,,tank_anti_air_cannon_3,,,,tank_anti_air_cannon_3,-10%,,5,,10,,,,,,,,24,,,,,,,,,,,46,,4,,1,,3,,1,,"parent=tank_anti_air_cannon_2; unlock=nsb_aiming_devices4@1985; xp_cost=present; dismantle_cost_ic=1.0; conversion=none; operations=add=air_attack:46,ap_attack:24,build_cost_ic:4,hard_attack:5,reliability:-0.1,soft_attack:10; resources=steel:3,tungsten:1; exclusions=category,eligibility,abbreviation,display",,
,Other,,tank_gasoline_engine,,,,tank_gasoline_engine,,,,,,,,,,,,,,,0.5,15%,,,,,,2,,,,1,,0.5,,,,,,"parent=none; unlock=nsb_iw_armored_vehicles@1918; xp_cost=absent; dismantle_cost_ic=absent; conversion=none; operations=add=build_cost_ic:1,fuel_consumption:2,maximum_speed:0.5; multiply=maximum_speed:0.15; exclusions=category,eligibility,abbreviation,display",,
,Turrets & Superstructures,,pintle_turret,,,,pintle_turret,5%,,,,,,,-10%,,,,,,,,,,,,,,,,,,0.5,,0.25,,,,,,"parent=none; unlock=nsb_iw_armored_vehicles@1918; xp_cost=present; dismantle_cost_ic=0.25; conversion=none; operations=add=build_cost_ic:0.5,reliability:0.05; multiply=breakthrough:-0.1; exclusions=category,eligibility,abbreviation,display",,
,,,light_lp_turret,,,,light_lp_turret,10%,,,,,,,,,5%,,,,,,,,,,,,,,,,1.25,,0.625,,,,,,"parent=pintle_turret; unlock=nsb_iw_armored_vehicles@1918; xp_cost=present; dismantle_cost_ic=0.625; conversion=none; operations=add=build_cost_ic:1.25,reliability:0.1; multiply=defense:0.05; exclusions=category,eligibility,abbreviation,display",,
,,,light_turret,,,,light_turret,15%,,,,,,,,,,,,,,,,,,,,,,,,,1,,0.5,,,,,,"parent=light_lp_turret; unlock=nsb_iw_armored_vehicles@1918; xp_cost=present; dismantle_cost_ic=0.5; conversion=none; operations=add=build_cost_ic:1,reliability:0.15; exclusions=category,eligibility,abbreviation,display",,
,,,lp_turret,,,,lp_turret,10%,,,,,,,,,10%,,,,,,,,,,,,,,,,1.5,,0.75,,,,,,"parent=none; unlock=nsb_iw_armored_vehicles@1918; xp_cost=present; dismantle_cost_ic=0.75; conversion=none; operations=add=build_cost_ic:1.5,reliability:0.1; multiply=defense:0.1; exclusions=category,eligibility,abbreviation,display",,
,,,conventional_turret,,,,conventional_turret,15%,,,,,,,5%,,,,,,,,,,,,,,,,,,1.5,,0.75,,,,,,"parent=none; unlock=nsb_iw_armored_vehicles@1918; xp_cost=present; dismantle_cost_ic=0.75; conversion=none; operations=add=build_cost_ic:1.5,reliability:0.15; multiply=breakthrough:0.05; exclusions=category,eligibility,abbreviation,display",,
,,,oscillating_turret,,,,oscillating_turret,5%,,,,,,,10%,,,,,,,,,,,,,,,,,,1.75,,0.875,,,,,,"parent=none; unlock=nsb_iw_armored_vehicles@1918; xp_cost=present; dismantle_cost_ic=0.75; conversion=none; operations=add=build_cost_ic:1.5,reliability:0.05; multiply=breakthrough:0.1; exclusions=category,eligibility,abbreviation,display",,
,,,open_gun,,,,open_gun,10%,,,,,,,-20%,,-10%,,,,,,,,,,,,,,,,0.5,,0.25,,,,,,"parent=none; unlock=nsb_iw_armored_vehicles@1918; xp_cost=present; dismantle_cost_ic=0.25; conversion=none; operations=add=build_cost_ic:0.5,reliability:0.1; multiply=breakthrough:-0.2,defense:-0.1; exclusions=category,eligibility,abbreviation,display",,
,,,medium_open_gun,,,,medium_open_gun,10%,,,,,,,-20%,,-10%,,,,,,,,,,,,,,,,0.75,,0.375,,,,,,"parent=open_gun; unlock=nsb_iw_armored_vehicles@1918; xp_cost=present; dismantle_cost_ic=0.375; conversion=none; operations=add=build_cost_ic:0.75,reliability:0.1; multiply=breakthrough:-0.2,defense:-0.1; exclusions=category,eligibility,abbreviation,display",,
,,,heavy_open_gun,,,,heavy_open_gun,10%,,,,,,,-20%,,-10%,,,,,,,,,,,,,,,,1,,0.5,,,,,,"parent=medium_open_gun; unlock=nsb_iw_armored_vehicles@1918; xp_cost=present; dismantle_cost_ic=0.5; conversion=none; operations=add=build_cost_ic:1,reliability:0.1; multiply=breakthrough:-0.2,defense:-0.1; exclusions=category,eligibility,abbreviation,display",,
,,,external_gun,,,,external_gun,5%,,,,,,,-5%,,10%,,,,,,,,,,,,,,,,1.25,,0.625,,,,,,"parent=open_gun; unlock=nsb_iw_armored_vehicles@1918; xp_cost=present; dismantle_cost_ic=0.625; conversion=none; operations=add=build_cost_ic:1.25,reliability:0.05; multiply=breakthrough:-0.05,defense:0.1; exclusions=category,eligibility,abbreviation,display",,
,,,fixed_superstructure,,,,fixed_superstructure,20%,,,,,,,-15%,,5%,,,,,,,,,,,,,,,,0.75,,0.375,,,,,,"parent=external_gun; unlock=nsb_iw_armored_vehicles@1918; xp_cost=present; dismantle_cost_ic=0.375; conversion=none; operations=add=build_cost_ic:0.75,reliability:0.2; multiply=breakthrough:-0.15,defense:0.05; exclusions=category,eligibility,abbreviation,display",,
,,,medium_fixed_superstructure,,,,medium_fixed_superstructure,20%,,,,,,,-15%,,5%,,,,,,,,,,,,,,,,1,,0.5,,,,,,"parent=external_gun; unlock=nsb_iw_armored_vehicles@1918; xp_cost=present; dismantle_cost_ic=0.5; conversion=none; operations=add=build_cost_ic:1,reliability:0.2; multiply=breakthrough:-0.15,defense:0.05; exclusions=category,eligibility,abbreviation,display",,
,,,heavy_fixed_superstructure,,,,heavy_fixed_superstructure,20%,,,,,,,-15%,,5%,,,,,,,,,,,,,,,,1.25,,0.625,,,,,,"parent=external_gun; unlock=nsb_iw_armored_vehicles@1918; xp_cost=present; dismantle_cost_ic=0.625; conversion=none; operations=add=build_cost_ic:1.25,reliability:0.2; multiply=breakthrough:-0.15,defense:0.05; exclusions=category,eligibility,abbreviation,display",,
,Secondary Turrets [NEW THIS PASS],,cwic_coaxial_mg,,,,cwic_coaxial_mg,-0.5%,,,,0.5,,,,,,,,,,,,,,,,,,,,,0.25,,0.125,,,,,,"parent=none; unlock=nsb_iw_armored_vehicles@1918; xp_cost=present; dismantle_cost_ic=0.125; conversion=none; operations=add=build_cost_ic:0.25,soft_attack:0.5; exclusions=category,eligibility,abbreviation,display",,
,,,cwic_hull_mg,,,,cwic_hull_mg,-0.5%,,,,0.5,,,,0.25,,,,,,,,,,,,,,,,,0.35,,0.175,,,,,,"parent=none; unlock=nsb_iw_armored_vehicles@1918; xp_cost=present; dismantle_cost_ic=0.175; conversion=none; operations=add=build_cost_ic:0.35,defense:0.5,soft_attack:0.5; exclusions=category,eligibility,abbreviation,display",,
,,,cwic_secondary_hmg,,,,cwic_secondary_hmg,-1%,,0.25,,1,,,,,,,,,,,,,,,,,,,,,0.75,,0.375,,,,,,"parent=none; unlock=nsb_iw_armored_vehicles@1918; xp_cost=present; dismantle_cost_ic=0.375; conversion=none; operations=add=build_cost_ic:0.75,hard_attack:0.25,soft_attack:1; exclusions=category,eligibility,abbreviation,display",,
,,,cwic_secondary_autocannon,,,,cwic_secondary_autocannon,-2.5%,,1,,2,,,,,,,,2,,,,,,,,,,,,,1.5,,0.75,,,,,,"parent=none; unlock=nsb_aiming_devices2@1955; xp_cost=present; dismantle_cost_ic=0.75; conversion=none; operations=add=ap_attack:2,build_cost_ic:1.5,hard_attack:1,reliability:-0.025,soft_attack:2; exclusions=category,eligibility,abbreviation,display",,

Coverage [STATUS],,,,,,,As of the 2026-09-05 verification pass,,,,,,,,,,,,,,,,,,,,,,,,,,,,,,,,,,,,
,Hulls,,25 rows,,,,VERIFIED - 200/200 stat cells match script,,,,,,,,,,,,,,,,,,,,,,,,,,,,,,,,,,,,
,All module sections,,224 rows,,,,VERIFIED - 1224/1224 stat cells match script,,,,,,,,,,,,,,,,,,,,,,,,,,,,,,,,,,,,
,Script-owned modules,,22 rows,,,,"NO BALANCE ROW - listed above, needs a decision",,,,,,,,,,,,,,,,,,,,,,,,,,,,,,,,,,,,
,Mechanized,,18 rows,,,,OUT OF SCOPE for the tank designer pass,,,,,,,,,,,,,,,,,,,,,,,,,,,,,,,,,,,,
