Old Sprite,New Sprite,Old File,New File,Category,Notes
GFX_Generic_National_Focus_Agriculture_8,GFX_generic_focus_agriculture_collective_grain,gfx/interface/goals/generic/agriculture/Generic_National_Focus_Agriculture_8.png,gfx/interface/goals/generic/agriculture/generic_focus_agriculture_collective_grain.png,agriculture,
GFX_Generic_National_Focus_Agriculture_6,GFX_generic_focus_agriculture_rice_hat,gfx/interface/goals/generic/agriculture/Generic_National_Focus_Agriculture_6.png,gfx/interface/goals/generic/agriculture/generic_focus_agriculture_rice_hat.png,agriculture,corrected from agriculture_conical_hat
GFX_Generic_National_Focus_Agriculture_14,GFX_generic_focus_agriculture_crop_science,gfx/interface/goals/generic/agriculture/Generic_National_Focus_Agriculture_14.png,gfx/interface/goals/generic/agriculture/generic_focus_agriculture_crop_science.png,agriculture,
GFX_Generic_National_Focus_Agriculture_11,GFX_generic_focus_agriculture_farm_ledger,gfx/interface/goals/generic/agriculture/Generic_National_Focus_Agriculture_11.png,gfx/interface/goals/generic/agriculture/generic_focus_agriculture_farm_ledger.png,agriculture,
GFX_Generic_National_Focus_Agriculture_25,GFX_generic_focus_agriculture_farmer_in_the_field,gfx/interface/goals/generic/agriculture/Generic_National_Focus_Agriculture_25.png,gfx/interface/goals/generic/agriculture/generic_focus_agriculture_farmer_in_the_field.png,agriculture,
GFX_Generic_National_Focus_Agriculture_7,GFX_generic_focus_agriculture_farmer_with_basket,gfx/interface/goals/generic/agriculture/Generic_National_Focus_Agriculture_7.png,gfx/interface/goals/generic/agriculture/generic_focus_agriculture_farmer_with_basket.png,agriculture,
GFX_Generic_National_Focus_Agriculture_3,GFX_generic_focus_agriculture_food_stores,gfx/interface/goals/generic/agriculture/Generic_Food.png,gfx/interface/goals/generic/agriculture/generic_focus_agriculture_food_stores.png,agriculture,
GFX_Generic_National_Focus_Agriculture_10,GFX_generic_focus_agriculture_grain_delivery,gfx/interface/goals/generic/agriculture/Generic_National_Focus_Agriculture_10.png,gfx/interface/goals/generic/agriculture/generic_focus_agriculture_grain_delivery.png,agriculture,
GFX_Generic_National_Focus_Agriculture_18,GFX_generic_focus_agriculture_grain_sack,gfx/interface/goals/generic/agriculture/Generic_National_Focus_Agriculture_18.png,gfx/interface/goals/generic/agriculture/generic_focus_agriculture_grain_sack.png,agriculture,
GFX_Generic_National_Focus_Agriculture_15,GFX_generic_focus_agriculture_handful_of_grain,gfx/interface/goals/generic/agriculture/Generic_National_Focus_Agriculture_15.png,gfx/interface/goals/generic/agriculture/generic_focus_agriculture_handful_of_grain.png,agriculture,
GFX_Generic_National_Focus_Agriculture_4,GFX_generic_focus_agriculture_hoeing_the_field,gfx/interface/goals/generic/agriculture/Generic_National_Focus_Agriculture_4.png,gfx/interface/goals/generic/agriculture/generic_focus_agriculture_hoeing_the_field.png,agriculture,
GFX_Generic_National_Focus_Agriculture_12,GFX_generic_focus_agriculture_irrigation,gfx/interface/goals/generic/agriculture/Generic_National_Focus_Agriculture_12.png,gfx/interface/goals/generic/agriculture/generic_focus_agriculture_irrigation.png,agriculture,
GFX_Generic_National_Focus_Agriculture_16,GFX_generic_focus_agriculture_shield_and_grain_sack,gfx/interface/goals/generic/agriculture/Generic_National_Focus_Agriculture_16.png,gfx/interface/goals/generic/agriculture/generic_focus_agriculture_shield_and_grain_sack.png,agriculture,corrected from agriculture_mill_and_jug
GFX_Generic_National_Focus_Agriculture_26,GFX_generic_focus_agriculture_night_harvest,gfx/interface/goals/generic/agriculture/Generic_National_Focus_Agriculture_26.png,gfx/interface/goals/generic/agriculture/generic_focus_agriculture_night_harvest.png,agriculture,
GFX_Generic_National_Focus_Agriculture_1,GFX_generic_focus_agriculture_rice_field_workers,gfx/interface/goals/generic/agriculture/Generic_National_Focus_Agriculture_1.png,gfx/interface/goals/generic/agriculture/generic_focus_agriculture_rice_field_workers.png,agriculture,corrected from agriculture_ox_plough
GFX_Generic_National_Focus_Agriculture_23,GFX_generic_focus_agriculture_happy_farmer,gfx/interface/goals/generic/agriculture/Generic_National_Focus_Agriculture_23.png,gfx/interface/goals/generic/agriculture/generic_focus_agriculture_happy_farmer.png,agriculture,corrected from agriculture_peasant_woman
GFX_Generic_National_Focus_Agriculture_5,GFX_generic_focus_agriculture_plough_team,gfx/interface/goals/generic/agriculture/Generic_National_Focus_Agriculture_5.png,gfx/interface/goals/generic/agriculture/generic_focus_agriculture_plough_team.png,agriculture,
GFX_Generic_National_Focus_Agriculture_20,GFX_generic_focus_agriculture_rice_bowl,gfx/interface/goals/generic/agriculture/Generic_National_Focus_Agriculture_20.png,gfx/interface/goals/generic/agriculture/generic_focus_agriculture_rice_bowl.png,agriculture,
GFX_Generic_National_Focus_Agriculture_24,GFX_generic_focus_agriculture_rice_bundle,gfx/interface/goals/generic/agriculture/Generic_National_Focus_Agriculture_24.png,gfx/interface/goals/generic/agriculture/generic_focus_agriculture_rice_bundle.png,agriculture,
GFX_Generic_National_Focus_Agriculture_21,GFX_generic_focus_agriculture_stooping_farmer,gfx/interface/goals/generic/agriculture/Generic_National_Focus_Agriculture_21.png,gfx/interface/goals/generic/agriculture/generic_focus_agriculture_stooping_farmer.png,agriculture,
GFX_Generic_National_Focus_Agriculture_22,GFX_generic_focus_agriculture_tractor,gfx/interface/goals/generic/agriculture/Generic_National_Focus_Agriculture_22.png,gfx/interface/goals/generic/agriculture/generic_focus_agriculture_tractor.png,agriculture,
GFX_Generic_National_Focus_Agriculture_9,GFX_generic_focus_agriculture_tractor_olive,gfx/interface/goals/generic/agriculture/Generic_National_Focus_Agriculture_9.png,gfx/interface/goals/generic/agriculture/generic_focus_agriculture_tractor_olive.png,agriculture,
GFX_Generic_National_Focus_Agriculture_19,GFX_generic_focus_agriculture_uncertain_harvest,gfx/interface/goals/generic/agriculture/Generic_National_Focus_Agriculture_19.png,gfx/interface/goals/generic/agriculture/generic_focus_agriculture_uncertain_harvest.png,agriculture,
GFX_Generic_National_Focus_Agriculture_17,GFX_generic_focus_agriculture_village_barn,gfx/interface/goals/generic/agriculture/Generic_National_Focus_Agriculture_17.png,gfx/interface/goals/generic/agriculture/generic_focus_agriculture_village_barn.png,agriculture,
GFX_Generic_National_Focus_Agriculture_13,GFX_generic_focus_agriculture_combine_harvester,gfx/interface/goals/generic/agriculture/Generic_National_Focus_Agriculture_13.png,gfx/interface/goals/generic/agriculture/generic_focus_agriculture_combine_harvester.png,agriculture,corrected from agriculture_water_buffalo
GFX_Generic_National_Focus_Agriculture_2,GFX_generic_focus_agriculture_wheat_harvest,gfx/interface/goals/generic/agriculture/Generic_Agriculture.png,gfx/interface/goals/generic/agriculture/generic_focus_agriculture_wheat_harvest.png,agriculture,
GFX_Generic_National_Focus_Construction_4,GFX_generic_focus_construction_apartment_block,gfx/interface/goals/generic/construction/Generic_National_Focus_Construction_4.png,gfx/interface/goals/generic/construction/generic_focus_construction_apartment_block.png,construction,
GFX_Generic_National_Focus_Construction_3,GFX_generic_focus_construction_builder_with_wrench,gfx/interface/goals/generic/construction/Generic_Building.png,gfx/interface/goals/generic/construction/generic_focus_construction_builder_with_wrench.png,construction,
GFX_Generic_National_Focus_Construction_8,GFX_generic_focus_construction_construction_worker,gfx/interface/goals/generic/construction/Generic_National_Focus_Construction_8.png,gfx/interface/goals/generic/construction/generic_focus_construction_construction_worker.png,construction,
GFX_icon_generic_infrastructure,GFX_generic_focus_construction_housing_blocks,gfx/interface/goals/generic/construction/icon_generic_infrastructure.png,gfx/interface/goals/generic/construction/generic_focus_construction_housing_blocks.png,construction,
GFX_Generic_National_Focus_Construction_2,GFX_generic_focus_construction_industrial_works,gfx/interface/goals/generic/construction/Generic_National_Focus_Construction_2.png,gfx/interface/goals/generic/construction/generic_focus_construction_industrial_works.png,construction,
GFX_Generic_National_Focus_Construction_5,GFX_generic_focus_construction_locomotive,gfx/interface/goals/generic/construction/Generic_National_Focus_Construction_5.png,gfx/interface/goals/generic/construction/generic_focus_construction_locomotive.png,construction,
GFX_Generic_National_Focus_Construction_6,GFX_generic_focus_construction_mine_entrance,gfx/interface/goals/generic/construction/Generic_National_Focus_Construction_6.png,gfx/interface/goals/generic/construction/generic_focus_construction_mine_entrance.png,construction,
GFX_Generic_National_Focus_Construction_10,GFX_generic_focus_construction_mining_tools,gfx/interface/goals/generic/construction/Generic_National_Focus_Construction_10.png,gfx/interface/goals/generic/construction/generic_focus_construction_mining_tools.png,construction,
GFX_Generic_National_Focus_Construction_11,GFX_generic_focus_construction_rail_line,gfx/interface/goals/generic/construction/Generic_National_Focus_Construction_11.png,gfx/interface/goals/generic/construction/generic_focus_construction_rail_line.png,construction,
GFX_Generic_National_Focus_Construction_9,GFX_generic_focus_construction_road_contract,gfx/interface/goals/generic/construction/Generic_National_Focus_Construction_9.png,gfx/interface/goals/generic/construction/generic_focus_construction_road_contract.png,construction,
GFX_Generic_National_Focus_Construction_12,GFX_generic_focus_construction_steel_crane,gfx/interface/goals/generic/construction/Generic_National_Focus_Construction_12.png,gfx/interface/goals/generic/construction/generic_focus_construction_steel_crane.png,construction,
GFX_Generic_National_Focus_Construction_1,GFX_generic_focus_construction_wind_turbines,gfx/interface/goals/generic/construction/Generic_National_Focus_Construction_1.png,gfx/interface/goals/generic/construction/generic_focus_construction_wind_turbines.png,construction,
GFX_Generic_National_Focus_Construction_7,GFX_generic_focus_construction_locomotive_2,gfx/interface/goals/generic/construction/Generic_National_Focus_Construction_7.png,gfx/interface/goals/generic/construction/generic_focus_construction_locomotive_2.png,construction,corrected from construction_wrecked_machinery
GFX_Generic_National_Focus_Diplomacy_5,GFX_generic_focus_diplomacy_australian_flag,gfx/interface/goals/generic/diplomacy/Generic_Australia.png,gfx/interface/goals/generic/diplomacy/generic_focus_diplomacy_australian_flag.png,diplomacy,
GFX_Generic_National_Focus_Diplomacy_29,GFX_generic_focus_diplomacy_british_press,gfx/interface/goals/generic/diplomacy/Generic_National_Focus_Diplomacy_29.png,gfx/interface/goals/generic/diplomacy/generic_focus_diplomacy_british_press.png,diplomacy,
GFX_Generic_National_Focus_Diplomacy_9,GFX_generic_focus_diplomacy_burning_dprk_flag,gfx/interface/goals/generic/diplomacy/Generic_Destroy_DPRK.png,gfx/interface/goals/generic/diplomacy/generic_focus_diplomacy_burning_dprk_flag.png,diplomacy,
GFX_Generic_National_Focus_Diplomacy_4,GFX_generic_focus_diplomacy_burning_roc_chess_piece,gfx/interface/goals/generic/diplomacy/Generic_National_Focus_Diplomacy_4.png,gfx/interface/goals/generic/diplomacy/generic_focus_diplomacy_burning_roc_chess_piece.png,diplomacy,corrected from diplomacy_burning_ultimatum
GFX_Generic_National_Focus_Diplomacy_7,GFX_generic_focus_diplomacy_chinese_flag,gfx/interface/goals/generic/diplomacy/Generic_China.png,gfx/interface/goals/generic/diplomacy/generic_focus_diplomacy_chinese_flag.png,diplomacy,
GFX_Generic_National_Focus_Diplomacy_41,GFX_generic_focus_diplomacy_chinese_hotline,gfx/interface/goals/generic/diplomacy/Generic_National_Focus_Diplomacy_41.png,gfx/interface/goals/generic/diplomacy/generic_focus_diplomacy_chinese_hotline.png,diplomacy,
GFX_Generic_National_Focus_Diplomacy_40,GFX_generic_focus_diplomacy_command_desk,gfx/interface/goals/generic/diplomacy/Generic_National_Focus_Diplomacy_40.png,gfx/interface/goals/generic/diplomacy/generic_focus_diplomacy_command_desk.png,diplomacy,
GFX_Generic_National_Focus_Diplomacy_15,GFX_generic_focus_diplomacy_anti_mao,gfx/interface/goals/generic/diplomacy/Generic_National_Focus_Diplomacy_15.png,gfx/interface/goals/generic/diplomacy/generic_focus_diplomacy_anti_mao.png,diplomacy,corrected from diplomacy_communist_statesman
GFX_Generic_National_Focus_Diplomacy_33,GFX_generic_focus_diplomacy_dove_and_telephone,gfx/interface/goals/generic/diplomacy/Generic_National_Focus_Diplomacy_33.png,gfx/interface/goals/generic/diplomacy/generic_focus_diplomacy_dove_and_telephone.png,diplomacy,
GFX_Generic_National_Focus_Diplomacy_8,GFX_generic_focus_diplomacy_eagle_and_bear,gfx/interface/goals/generic/diplomacy/Generic_Cold_War_1.png,gfx/interface/goals/generic/diplomacy/generic_focus_diplomacy_eagle_and_bear.png,diplomacy,
GFX_Generic_National_Focus_Diplomacy_31,GFX_generic_focus_diplomacy_east_meets_west,gfx/interface/goals/generic/diplomacy/Generic_National_Focus_Diplomacy_31.png,gfx/interface/goals/generic/diplomacy/generic_focus_diplomacy_east_meets_west.png,diplomacy,
GFX_Generic_National_Focus_Diplomacy_26,GFX_generic_focus_diplomacy_european_union,gfx/interface/goals/generic/diplomacy/EU_Generic_1.png,gfx/interface/goals/generic/diplomacy/generic_focus_diplomacy_european_union.png,diplomacy,
GFX_Generic_National_Focus_Diplomacy_23,GFX_generic_focus_diplomacy_dprk,gfx/interface/goals/generic/diplomacy/Generic_National_Focus_Diplomacy_23.png,gfx/interface/goals/generic/diplomacy/generic_focus_diplomacy_dprk.png,diplomacy,corrected from diplomacy_flag_on_the_map
GFX_Generic_National_Focus_Diplomacy_17,GFX_generic_focus_diplomacy_flags_of_the_delegations,gfx/interface/goals/generic/diplomacy/Generic_National_Focus_Diplomacy_17.png,gfx/interface/goals/generic/diplomacy/generic_focus_diplomacy_flags_of_the_delegations.png,diplomacy,
GFX_Generic_National_Focus_Diplomacy_32,GFX_generic_focus_diplomacy_french_hotline,gfx/interface/goals/generic/diplomacy/Generic_National_Focus_Diplomacy_32.png,gfx/interface/goals/generic/diplomacy/generic_focus_diplomacy_french_hotline.png,diplomacy,
GFX_Generic_National_Focus_Diplomacy_49,GFX_generic_focus_diplomacy_global_hotline,gfx/interface/goals/generic/diplomacy/Generic_National_Focus_Diplomacy_49.png,gfx/interface/goals/generic/diplomacy/generic_focus_diplomacy_global_hotline.png,diplomacy,
GFX_icon_generic_globe_handshake,GFX_generic_focus_diplomacy_globe_handshake,gfx/interface/goals/generic/diplomacy/icon_generic_globe_handshake.png,gfx/interface/goals/generic/diplomacy/generic_focus_diplomacy_globe_handshake.png,diplomacy,
GFX_Generic_National_Focus_Diplomacy_28,GFX_generic_focus_diplomacy_asia_hotline,gfx/interface/goals/generic/diplomacy/Generic_National_Focus_Diplomacy_28.png,gfx/interface/goals/generic/diplomacy/generic_focus_diplomacy_asia_hotline.png,diplomacy,corrected from diplomacy_growling_bear
GFX_Generic_National_Focus_Diplomacy_24,GFX_generic_focus_diplomacy_east_west_europe_accord,gfx/interface/goals/generic/diplomacy/Generic_National_Focus_Diplomacy_24.png,gfx/interface/goals/generic/diplomacy/generic_focus_diplomacy_east_west_europe_accord.png,diplomacy,corrected from diplomacy_handshake_over_the_map
GFX_Generic_National_Focus_Diplomacy_42,GFX_generic_focus_diplomacy_israeli_hotline,gfx/interface/goals/generic/diplomacy/Generic_National_Focus_Diplomacy_42.png,gfx/interface/goals/generic/diplomacy/generic_focus_diplomacy_israeli_hotline.png,diplomacy,
GFX_Generic_National_Focus_Diplomacy_16,GFX_generic_focus_diplomacy_israeli_statesman,gfx/interface/goals/generic/diplomacy/Generic_National_Focus_Diplomacy_16.png,gfx/interface/goals/generic/diplomacy/generic_focus_diplomacy_israeli_statesman.png,diplomacy,
GFX_Generic_National_Focus_Diplomacy_10,GFX_generic_focus_diplomacy_italy_map,gfx/interface/goals/generic/diplomacy/Generic_Italy.png,gfx/interface/goals/generic/diplomacy/generic_focus_diplomacy_italy_map.png,diplomacy,
GFX_Generic_National_Focus_Diplomacy_20,GFX_generic_focus_diplomacy_japanese_delegation,gfx/interface/goals/generic/diplomacy/Generic_National_Focus_Diplomacy_20.png,gfx/interface/goals/generic/diplomacy/generic_focus_diplomacy_japanese_delegation.png,diplomacy,
GFX_Generic_National_Focus_Diplomacy_43,GFX_generic_focus_diplomacy_japanese_hotline,gfx/interface/goals/generic/diplomacy/Generic_National_Focus_Diplomacy_43.png,gfx/interface/goals/generic/diplomacy/generic_focus_diplomacy_japanese_hotline.png,diplomacy,
GFX_Generic_National_Focus_Diplomacy_21,GFX_generic_focus_diplomacy_korean_relations,gfx/interface/goals/generic/diplomacy/Generic_National_Focus_Diplomacy_21.png,gfx/interface/goals/generic/diplomacy/generic_focus_diplomacy_korean_relations.png,diplomacy,
GFX_Generic_National_Focus_Diplomacy_3,GFX_generic_focus_diplomacy_kuomintang_salute,gfx/interface/goals/generic/diplomacy/Generic_National_Focus_Diplomacy_3.png,gfx/interface/goals/generic/diplomacy/generic_focus_diplomacy_kuomintang_salute.png,diplomacy,
GFX_Generic_National_Focus_Diplomacy_6,GFX_generic_focus_diplomacy_latin_america,gfx/interface/goals/generic/diplomacy/Generic_National_Focus_Diplomacy_6.png,gfx/interface/goals/generic/diplomacy/generic_focus_diplomacy_latin_america.png,diplomacy,
GFX_Generic_National_Focus_Diplomacy_19,GFX_generic_focus_diplomacy_malayan_federation,gfx/interface/goals/generic/diplomacy/Generic_National_Focus_Diplomacy_19.png,gfx/interface/goals/generic/diplomacy/generic_focus_diplomacy_malayan_federation.png,diplomacy,
GFX_Generic_National_Focus_Diplomacy_34,GFX_generic_focus_diplomacy_microphone,gfx/interface/goals/generic/diplomacy/Generic_National_Focus_Diplomacy_34.png,gfx/interface/goals/generic/diplomacy/generic_focus_diplomacy_microphone.png,diplomacy,
GFX_Generic_National_Focus_Diplomacy_2,GFX_generic_focus_diplomacy_nato_megaphones,gfx/interface/goals/generic/diplomacy/Generic_National_Focus_Diplomacy_2.png,gfx/interface/goals/generic/diplomacy/generic_focus_diplomacy_nato_megaphones.png,diplomacy,corrected from diplomacy_nato_guns
GFX_Generic_National_Focus_Diplomacy_11,GFX_generic_focus_diplomacy_north_korean_leader,gfx/interface/goals/generic/diplomacy/Generic_North_Korea.png,gfx/interface/goals/generic/diplomacy/generic_focus_diplomacy_north_korean_leader.png,diplomacy,
GFX_Generic_National_Focus_Diplomacy_50,GFX_generic_focus_diplomacy_peace_talks,gfx/interface/goals/generic/diplomacy/Generic_National_Focus_Diplomacy_50.png,gfx/interface/goals/generic/diplomacy/generic_focus_diplomacy_peace_talks.png,diplomacy,
GFX_Generic_National_Focus_Diplomacy_25,GFX_generic_focus_diplomacy_world_map,gfx/interface/goals/generic/diplomacy/Generic_National_Focus_Diplomacy_25.png,gfx/interface/goals/generic/diplomacy/generic_focus_diplomacy_world_map.png,diplomacy,corrected from diplomacy_red_advance
GFX_Generic_National_Focus_Diplomacy_27,GFX_generic_focus_diplomacy_prc_invades_taiwan,gfx/interface/goals/generic/diplomacy/Generic_National_Focus_Diplomacy_27.png,gfx/interface/goals/generic/diplomacy/generic_focus_diplomacy_prc_invades_taiwan.png,diplomacy,corrected from diplomacy_red_globe
GFX_Generic_National_Focus_Diplomacy_12,GFX_generic_focus_diplomacy_roc_leader,gfx/interface/goals/generic/diplomacy/Generic_ROC_1.png,gfx/interface/goals/generic/diplomacy/generic_focus_diplomacy_roc_leader.png,diplomacy,
GFX_Generic_National_Focus_Diplomacy_44,GFX_generic_focus_diplomacy_saudi_hotline,gfx/interface/goals/generic/diplomacy/Generic_National_Focus_Diplomacy_44.png,gfx/interface/goals/generic/diplomacy/generic_focus_diplomacy_saudi_hotline.png,diplomacy,
GFX_Generic_National_Focus_Diplomacy_22,GFX_generic_focus_diplomacy_prc_severs_taiwan_strait,gfx/interface/goals/generic/diplomacy/Generic_National_Focus_Diplomacy_22.png,gfx/interface/goals/generic/diplomacy/generic_focus_diplomacy_prc_severs_taiwan_strait.png,diplomacy,corrected from diplomacy_severed_line
GFX_Generic_National_Focus_Diplomacy_14,GFX_generic_focus_diplomacy_singapore_crest,gfx/interface/goals/generic/diplomacy/Generic_Singapore_1.png,gfx/interface/goals/generic/diplomacy/generic_focus_diplomacy_singapore_crest.png,diplomacy,
GFX_Generic_National_Focus_Diplomacy_13,GFX_generic_focus_diplomacy_singapore_harbour,gfx/interface/goals/generic/diplomacy/Generic_Singapore.png,gfx/interface/goals/generic/diplomacy/generic_focus_diplomacy_singapore_harbour.png,diplomacy,
GFX_Generic_National_Focus_Diplomacy_45,GFX_generic_focus_diplomacy_situation_room,gfx/interface/goals/generic/diplomacy/Generic_National_Focus_Diplomacy_45.png,gfx/interface/goals/generic/diplomacy/generic_focus_diplomacy_situation_room.png,diplomacy,
GFX_Generic_National_Focus_Diplomacy_46,GFX_generic_focus_diplomacy_situation_room_2,gfx/interface/goals/generic/diplomacy/Generic_National_Focus_Diplomacy_46.png,gfx/interface/goals/generic/diplomacy/generic_focus_diplomacy_situation_room_2.png,diplomacy,
GFX_Generic_National_Focus_Diplomacy_47,GFX_generic_focus_diplomacy_situation_room_3,gfx/interface/goals/generic/diplomacy/Generic_National_Focus_Diplomacy_47.png,gfx/interface/goals/generic/diplomacy/generic_focus_diplomacy_situation_room_3.png,diplomacy,
GFX_Generic_National_Focus_Diplomacy_48,GFX_generic_focus_diplomacy_situation_room_4,gfx/interface/goals/generic/diplomacy/Generic_National_Focus_Diplomacy_48.png,gfx/interface/goals/generic/diplomacy/generic_focus_diplomacy_situation_room_4.png,diplomacy,
GFX_Generic_National_Focus_Diplomacy_35,GFX_generic_focus_diplomacy_situation_terminal,gfx/interface/goals/generic/diplomacy/Generic_National_Focus_Diplomacy_35.png,gfx/interface/goals/generic/diplomacy/generic_focus_diplomacy_situation_terminal.png,diplomacy,
GFX_Generic_National_Focus_Diplomacy_36,GFX_generic_focus_diplomacy_situation_terminal_2,gfx/interface/goals/generic/diplomacy/Generic_National_Focus_Diplomacy_36.png,gfx/interface/goals/generic/diplomacy/generic_focus_diplomacy_situation_terminal_2.png,diplomacy,
GFX_Generic_National_Focus_Diplomacy_37,GFX_generic_focus_diplomacy_situation_terminal_3,gfx/interface/goals/generic/diplomacy/Generic_National_Focus_Diplomacy_37.png,gfx/interface/goals/generic/diplomacy/generic_focus_diplomacy_situation_terminal_3.png,diplomacy,
GFX_Generic_National_Focus_Diplomacy_18,GFX_generic_focus_diplomacy_thai_hotline,gfx/interface/goals/generic/diplomacy/Generic_National_Focus_Diplomacy_18.png,gfx/interface/goals/generic/diplomacy/generic_focus_diplomacy_thai_hotline.png,diplomacy,
GFX_Generic_National_Focus_Diplomacy_1,GFX_generic_focus_diplomacy_treaty_signing,gfx/interface/goals/generic/diplomacy/Generic_National_Focus_Diplomacy_1.png,gfx/interface/goals/generic/diplomacy/generic_focus_diplomacy_treaty_signing.png,diplomacy,
GFX_Generic_National_Focus_Diplomacy_38,GFX_generic_focus_diplomacy_un_approval,gfx/interface/goals/generic/diplomacy/Generic_National_Focus_Diplomacy_38.png,gfx/interface/goals/generic/diplomacy/generic_focus_diplomacy_un_approval.png,diplomacy,
GFX_icon_generic_united_nations,GFX_generic_focus_diplomacy_un_emblem,gfx/interface/goals/generic/diplomacy/icon_generic_united_nations.png,gfx/interface/goals/generic/diplomacy/generic_focus_diplomacy_un_emblem.png,diplomacy,
GFX_Generic_National_Focus_Diplomacy_39,GFX_generic_focus_diplomacy_un_rejection,gfx/interface/goals/generic/diplomacy/Generic_National_Focus_Diplomacy_39.png,gfx/interface/goals/generic/diplomacy/generic_focus_diplomacy_un_rejection.png,diplomacy,
GFX_Generic_National_Focus_Diplomacy_52,GFX_generic_focus_diplomacy_un_veto,gfx/interface/goals/generic/diplomacy/Generic_National_Focus_Diplomacy_52.png,gfx/interface/goals/generic/diplomacy/generic_focus_diplomacy_un_veto.png,diplomacy,
GFX_Generic_National_Focus_Diplomacy_51,GFX_generic_focus_diplomacy_united_nations_seal,gfx/interface/goals/generic/diplomacy/Generic_National_Focus_Diplomacy_51.png,gfx/interface/goals/generic/diplomacy/generic_focus_diplomacy_united_nations_seal.png,diplomacy,
GFX_Generic_National_Focus_Diplomacy_30,GFX_generic_focus_diplomacy_watching_the_west,gfx/interface/goals/generic/diplomacy/Generic_National_Focus_Diplomacy_30.png,gfx/interface/goals/generic/diplomacy/generic_focus_diplomacy_watching_the_west.png,diplomacy,
,,gfx/interface/goals/generic/diplomacy/Generic_Indonesia2.png,gfx/interface/goals/generic/diplomacy/generic_focus_diplomacy_garuda_emblem.png,diplomacy,art only - sprite declared in another registry
,,gfx/interface/goals/generic/diplomacy/Generic_Indonesia.png,gfx/interface/goals/generic/diplomacy/generic_focus_diplomacy_indonesian_assembly.png,diplomacy,art only - sprite declared in another registry
,,gfx/interface/goals/generic/diplomacy/Generic_Indonesia1.png,gfx/interface/goals/generic/diplomacy/generic_focus_diplomacy_indonesian_delegation.png,diplomacy,art only - sprite declared in another registry
,,gfx/interface/goals/generic/diplomacy/Generic_Diplomacy_3.png,gfx/interface/goals/generic/diplomacy/generic_focus_diplomacy_podium_address.png,diplomacy,art only - sprite declared in another registry
GFX_Generic_National_Focus_Economics_7,GFX_generic_focus_economics_audit,gfx/interface/goals/generic/economics/Generic_National_Focus_Economics_7.png,gfx/interface/goals/generic/economics/generic_focus_economics_audit.png,economics,
GFX_Generic_National_Focus_Economics_3,GFX_generic_focus_economics_banker,gfx/interface/goals/generic/economics/Generic_Bank.png,gfx/interface/goals/generic/economics/generic_focus_economics_banker.png,economics,
GFX_Generic_National_Focus_Economics_11,GFX_generic_focus_economics_black_marketeer,gfx/interface/goals/generic/economics/Generic_National_Focus_Economics_11.png,gfx/interface/goals/generic/economics/generic_focus_economics_black_marketeer.png,economics,
GFX_Generic_National_Focus_Economics_17,GFX_generic_focus_economics_briefcase_of_cash,gfx/interface/goals/generic/economics/Generic_National_Focus_Economics_17.png,gfx/interface/goals/generic/economics/generic_focus_economics_briefcase_of_cash.png,economics,
GFX_Generic_National_Focus_Economics_5,GFX_generic_focus_economics_cash_pile,gfx/interface/goals/generic/economics/Generic_National_Focus_Economics_5.png,gfx/interface/goals/generic/economics/generic_focus_economics_cash_pile.png,economics,
GFX_Generic_National_Focus_Economics_18,GFX_generic_focus_economics_dollar_bill,gfx/interface/goals/generic/economics/Generic_National_Focus_Economics_18.png,gfx/interface/goals/generic/economics/generic_focus_economics_dollar_bill.png,economics,
GFX_icon_generic_a_fistful_of_dollars,GFX_generic_focus_economics_fistful_of_dollars,gfx/interface/goals/generic/economics/icon_generic_a_fistful_of_dollars.png,gfx/interface/goals/generic/economics/generic_focus_economics_fistful_of_dollars.png,economics,
GFX_Generic_National_Focus_Economics_8,GFX_generic_focus_economics_funding_denied,gfx/interface/goals/generic/economics/Generic_National_Focus_Economics_8.png,gfx/interface/goals/generic/economics/generic_focus_economics_funding_denied.png,economics,
GFX_Generic_National_Focus_Economics_14,GFX_generic_focus_economics_gold_reserves,gfx/interface/goals/generic/economics/Generic_National_Focus_Economics_14.png,gfx/interface/goals/generic/economics/generic_focus_economics_gold_reserves.png,economics,
GFX_Generic_National_Focus_Economics_6,GFX_generic_focus_economics_market_screen,gfx/interface/goals/generic/economics/Generic_National_Focus_Economics_6.png,gfx/interface/goals/generic/economics/generic_focus_economics_market_screen.png,economics,
GFX_Generic_National_Focus_Economics_12,GFX_generic_focus_economics_mixed_indicators,gfx/interface/goals/generic/economics/Generic_National_Focus_Economics_12.png,gfx/interface/goals/generic/economics/generic_focus_economics_mixed_indicators.png,economics,
GFX_Generic_National_Focus_Economics_2,GFX_generic_focus_economics_payout,gfx/interface/goals/generic/economics/Generic_National_Focus_Economics_2.png,gfx/interface/goals/generic/economics/generic_focus_economics_payout.png,economics,
GFX_Generic_National_Focus_Economics_9,GFX_generic_focus_economics_recycling,gfx/interface/goals/generic/economics/Generic_Recycle.png,gfx/interface/goals/generic/economics/generic_focus_economics_recycling.png,economics,
GFX_Generic_National_Focus_Economics_20,GFX_generic_focus_economics_rising_revenue,gfx/interface/goals/generic/economics/Generic_National_Focus_Economics_20.png,gfx/interface/goals/generic/economics/generic_focus_economics_rising_revenue.png,economics,
GFX_Generic_National_Focus_Economics_16,GFX_generic_focus_economics_ruined_investor,gfx/interface/goals/generic/economics/Generic_National_Focus_Economics_16.png,gfx/interface/goals/generic/economics/generic_focus_economics_ruined_investor.png,economics,
GFX_Generic_National_Focus_Economics_19,GFX_generic_focus_economics_scattered_money,gfx/interface/goals/generic/economics/Generic_National_Focus_Economics_19.png,gfx/interface/goals/generic/economics/generic_focus_economics_scattered_money.png,economics,
GFX_Generic_National_Focus_Economics_1,GFX_generic_focus_economics_sealed_ledger,gfx/interface/goals/generic/economics/Generic_National_Focus_Economics_1.png,gfx/interface/goals/generic/economics/generic_focus_economics_sealed_ledger.png,economics,
GFX_Generic_National_Focus_Economics_13,GFX_generic_focus_economics_second_plan,gfx/interface/goals/generic/economics/Generic_National_Focus_Economics_13.png,gfx/interface/goals/generic/economics/generic_focus_economics_second_plan.png,economics,
GFX_Generic_National_Focus_Economics_21,GFX_generic_focus_economics_seized_wealth,gfx/interface/goals/generic/economics/Generic_National_Focus_Economics_21.png,gfx/interface/goals/generic/economics/generic_focus_economics_seized_wealth.png,economics,
GFX_Generic_National_Focus_Economics_4,GFX_generic_focus_economics_strongbox,gfx/interface/goals/generic/economics/Generic_National_Focus_Economics_4.png,gfx/interface/goals/generic/economics/generic_focus_economics_strongbox.png,economics,
GFX_Generic_National_Focus_Economics_15,GFX_generic_focus_economics_taking_the_cash,gfx/interface/goals/generic/economics/Generic_National_Focus_Economics_15.png,gfx/interface/goals/generic/economics/generic_focus_economics_taking_the_cash.png,economics,
GFX_Generic_National_Focus_Economics_10,GFX_generic_focus_economics_yen_symbol,gfx/interface/goals/generic/economics/Generic_National_Focus_Economics_10.png,gfx/interface/goals/generic/economics/generic_focus_economics_yen_symbol.png,economics,
GFX_Generic_National_Focus_Military_14,GFX_generic_focus_military_tank_and_jet,gfx/interface/goals/generic/military/Generic_National_Focus_Military_14.png,gfx/interface/goals/generic/military/generic_focus_military_tank_and_jet.png,military,corrected from military_air_strike_on_armour
GFX_Generic_National_Focus_Military_13,GFX_generic_focus_military_aircraft_wreath,gfx/interface/goals/generic/military/Generic_National_Focus_Military_13.png,gfx/interface/goals/generic/military/generic_focus_military_aircraft_wreath.png,military,
GFX_Generic_National_Focus_Military_25,GFX_generic_focus_military_airdropped_arms,gfx/interface/goals/generic/military/Generic_National_Focus_Military_25.png,gfx/interface/goals/generic/military/generic_focus_military_airdropped_arms.png,military,
GFX_Generic_National_Focus_Military_50,GFX_generic_focus_military_anti_aircraft_battery,gfx/interface/goals/generic/military/Generic_National_Focus_Military_50.png,gfx/interface/goals/generic/military/generic_focus_military_anti_aircraft_battery.png,military,
GFX_Generic_National_Focus_Military_42,GFX_generic_focus_military_armed_uprising,gfx/interface/goals/generic/military/Generic_National_Focus_Military_42.png,gfx/interface/goals/generic/military/generic_focus_military_armed_uprising.png,military,
GFX_Generic_National_Focus_Military_29,GFX_generic_focus_military_armoured_assault,gfx/interface/goals/generic/military/Generic_National_Focus_Military_29.png,gfx/interface/goals/generic/military/generic_focus_military_armoured_assault.png,military,
GFX_Generic_National_Focus_Military_30,GFX_generic_focus_military_arms_ban,gfx/interface/goals/generic/military/Generic_National_Focus_Military_30.png,gfx/interface/goals/generic/military/generic_focus_military_arms_ban.png,military,
GFX_Generic_National_Focus_Military_31,GFX_generic_focus_military_arms_deal,gfx/interface/goals/generic/military/Generic_National_Focus_Military_31.png,gfx/interface/goals/generic/military/generic_focus_military_arms_deal.png,military,
GFX_Generic_National_Focus_Military_10,GFX_generic_focus_military_battle_honours,gfx/interface/goals/generic/military/Generic_National_Focus_Military_10.png,gfx/interface/goals/generic/military/generic_focus_military_battle_honours.png,military,
GFX_Generic_National_Focus_Military_17,GFX_generic_focus_military_bombing_run,gfx/interface/goals/generic/military/Generic_National_Focus_Military_17.png,gfx/interface/goals/generic/military/generic_focus_military_bombing_run.png,military,
GFX_Generic_National_Focus_Military_28,GFX_generic_focus_military_charging_soldier,gfx/interface/goals/generic/military/Generic_National_Focus_Military_28.png,gfx/interface/goals/generic/military/generic_focus_military_charging_soldier.png,military,
GFX_Generic_National_Focus_Military_37,GFX_generic_focus_military_anti_communist,gfx/interface/goals/generic/military/Generic_National_Focus_Military_37.png,gfx/interface/goals/generic/military/generic_focus_military_anti_communist.png,military,corrected from military_communist_militia
GFX_icon_generic_akm,GFX_generic_focus_military_crossed_akm,gfx/interface/goals/generic/military/icon_generic_akm.png,gfx/interface/goals/generic/military/generic_focus_military_crossed_akm.png,military,
GFX_icon_generic_mas36,GFX_generic_focus_military_crossed_mas36,gfx/interface/goals/generic/military/icon_generic_mas36.png,gfx/interface/goals/generic/military/generic_focus_military_crossed_mas36.png,military,
GFX_Generic_National_Focus_Military_12,GFX_generic_focus_military_deaths_head,gfx/interface/goals/generic/military/Generic_National_Focus_Military_12.png,gfx/interface/goals/generic/military/generic_focus_military_deaths_head.png,military,
GFX_Generic_National_Focus_Military_16,GFX_generic_focus_military_south_korean_machine,gfx/interface/goals/generic/military/Generic_National_Focus_Military_16.png,gfx/interface/goals/generic/military/generic_focus_military_south_korean_machine.png,military,corrected from military_entrenching
GFX_Generic_National_Focus_Military_3,GFX_generic_focus_military_field_manual,gfx/interface/goals/generic/military/Generic_National_Focus_Military_3.png,gfx/interface/goals/generic/military/generic_focus_military_field_manual.png,military,
GFX_Generic_National_Focus_Military_24,GFX_generic_focus_military_field_orders,gfx/interface/goals/generic/military/Generic_National_Focus_Military_24.png,gfx/interface/goals/generic/military/generic_focus_military_field_orders.png,military,
GFX_Generic_National_Focus_Military_44,GFX_generic_focus_military_field_radio,gfx/interface/goals/generic/military/Generic_National_Focus_Military_44.png,gfx/interface/goals/generic/military/generic_focus_military_field_radio.png,military,
GFX_Generic_National_Focus_Military_1,GFX_generic_focus_military_fortified_taiwan,gfx/interface/goals/generic/military/Generic_National_Focus_Military_1.png,gfx/interface/goals/generic/military/generic_focus_military_fortified_taiwan.png,military,corrected from military_flag_on_the_hill
GFX_Generic_National_Focus_Military_27,GFX_generic_focus_military_fortified_line,gfx/interface/goals/generic/military/Generic_National_Focus_Military_27.png,gfx/interface/goals/generic/military/generic_focus_military_fortified_line.png,military,
GFX_Generic_National_Focus_Military_41,GFX_generic_focus_military_fuel_and_helmet,gfx/interface/goals/generic/military/Generic_National_Focus_Military_41.png,gfx/interface/goals/generic/military/generic_focus_military_fuel_and_helmet.png,military,
GFX_Generic_National_Focus_Military_9,GFX_generic_focus_military_gilded_war_memorial,gfx/interface/goals/generic/military/Generic_National_Focus_Military_9.png,gfx/interface/goals/generic/military/generic_focus_military_gilded_war_memorial.png,military,
GFX_Generic_National_Focus_Military_26,GFX_generic_focus_military_global_arms,gfx/interface/goals/generic/military/Generic_National_Focus_Military_26.png,gfx/interface/goals/generic/military/generic_focus_military_global_arms.png,military,
GFX_Generic_National_Focus_Military_23,GFX_generic_focus_military_gun_truck,gfx/interface/goals/generic/military/Generic_National_Focus_Military_23.png,gfx/interface/goals/generic/military/generic_focus_military_gun_truck.png,military,
GFX_Generic_National_Focus_Military_39,GFX_generic_focus_military_handing_over_the_pistol,gfx/interface/goals/generic/military/Generic_National_Focus_Military_39.png,gfx/interface/goals/generic/military/generic_focus_military_handing_over_the_pistol.png,military,
GFX_Generic_National_Focus_Military_20,GFX_generic_focus_military_helicopter_assault,gfx/interface/goals/generic/military/Generic_National_Focus_Military_20.png,gfx/interface/goals/generic/military/generic_focus_military_helicopter_assault.png,military,
GFX_icon_generic_heli_swarm,GFX_generic_focus_military_helicopter_swarm,gfx/interface/goals/generic/military/icon_generic_heli_swarm.png,gfx/interface/goals/generic/military/generic_focus_military_helicopter_swarm.png,military,
GFX_Generic_National_Focus_Military_5,GFX_generic_focus_military_machine_gun_fire,gfx/interface/goals/generic/military/Generic_Trade1.png,gfx/interface/goals/generic/military/generic_focus_military_machine_gun_fire.png,military,
GFX_Generic_National_Focus_Military_2,GFX_generic_focus_military_massed_infantry,gfx/interface/goals/generic/military/Generic_National_Focus_Military_2.png,gfx/interface/goals/generic/military/generic_focus_military_massed_infantry.png,military,
GFX_icon_generic_mig15,GFX_generic_focus_military_mig15,gfx/interface/goals/generic/military/icon_generic_mig15.png,gfx/interface/goals/generic/military/generic_focus_military_mig15.png,military,
GFX_icon_generic_mig17,GFX_generic_focus_military_mig17,gfx/interface/goals/generic/military/icon_generic_mig17.png,gfx/interface/goals/generic/military/generic_focus_military_mig17.png,military,
GFX_Generic_National_Focus_Military_40,GFX_generic_focus_military_missile_launcher,gfx/interface/goals/generic/military/Generic_National_Focus_Military_40.png,gfx/interface/goals/generic/military/generic_focus_military_missile_launcher.png,military,
GFX_Generic_National_Focus_Military_47,GFX_generic_focus_military_munitions_approved,gfx/interface/goals/generic/military/Generic_National_Focus_Military_47.png,gfx/interface/goals/generic/military/generic_focus_military_munitions_approved.png,military,
GFX_Generic_National_Focus_Military_48,GFX_generic_focus_military_munitions_denied,gfx/interface/goals/generic/military/Generic_National_Focus_Military_48.png,gfx/interface/goals/generic/military/generic_focus_military_munitions_denied.png,military,
GFX_Generic_National_Focus_Military_21,GFX_generic_focus_military_pile_of_skulls,gfx/interface/goals/generic/military/Generic_National_Focus_Military_21.png,gfx/interface/goals/generic/military/generic_focus_military_pile_of_skulls.png,military,
GFX_Generic_National_Focus_Military_7,GFX_generic_focus_military_watchtower,gfx/interface/goals/generic/military/Generic_National_Focus_Military_7.png,gfx/interface/goals/generic/military/generic_focus_military_watchtower.png,military,corrected from military_pillbox
GFX_icon_generic_handgun,GFX_generic_focus_military_pistol,gfx/interface/goals/generic/military/icon_generic_handgun.png,gfx/interface/goals/generic/military/generic_focus_military_pistol.png,military,
GFX_Generic_National_Focus_Military_11,GFX_generic_focus_military_placeholder,,,military,art lives outside goals/generic/ - sprite renamed only
GFX_Generic_National_Focus_Military_34,GFX_generic_focus_military_plainclothes_agent,gfx/interface/goals/generic/military/Generic_National_Focus_Military_34.png,gfx/interface/goals/generic/military/generic_focus_military_plainclothes_agent.png,military,
GFX_Generic_National_Focus_Military_35,GFX_generic_focus_military_rearmament,gfx/interface/goals/generic/military/Generic_National_Focus_Military_35.png,gfx/interface/goals/generic/military/generic_focus_military_rearmament.png,military,
GFX_Generic_National_Focus_Military_36,GFX_generic_focus_military_red_army_arms,gfx/interface/goals/generic/military/Generic_National_Focus_Military_36.png,gfx/interface/goals/generic/military/generic_focus_military_red_army_arms.png,military,
GFX_Generic_National_Focus_Military_38,GFX_generic_focus_military_revolver_case,gfx/interface/goals/generic/military/Generic_National_Focus_Military_38.png,gfx/interface/goals/generic/military/generic_focus_military_revolver_case.png,military,
GFX_Generic_National_Focus_Military_8,GFX_generic_focus_military_rifle_in_hand,gfx/interface/goals/generic/military/Generic_National_Focus_Military_8.png,gfx/interface/goals/generic/military/generic_focus_military_rifle_in_hand.png,military,
GFX_Generic_National_Focus_Military_19,GFX_generic_focus_military_rocket_artillery,gfx/interface/goals/generic/military/Generic_National_Focus_Military_19.png,gfx/interface/goals/generic/military/generic_focus_military_rocket_artillery.png,military,
GFX_Generic_National_Focus_Military_43,GFX_generic_focus_military_sidearm_and_rank,gfx/interface/goals/generic/military/Generic_National_Focus_Military_43.png,gfx/interface/goals/generic/military/generic_focus_military_sidearm_and_rank.png,military,
GFX_Generic_National_Focus_Military_4,GFX_generic_focus_military_skull_in_the_wreath,gfx/interface/goals/generic/military/Generic_Diplomacy_2.png,gfx/interface/goals/generic/military/generic_focus_military_skull_in_the_wreath.png,military,
GFX_Generic_National_Focus_Military_32,GFX_generic_focus_military_smuggled_arms,gfx/interface/goals/generic/military/Generic_National_Focus_Military_32.png,gfx/interface/goals/generic/military/generic_focus_military_smuggled_arms.png,military,
GFX_Generic_National_Focus_Military_6,GFX_generic_focus_military_soviet_decorations,gfx/interface/goals/generic/military/Generic_National_Focus_Military_6.png,gfx/interface/goals/generic/military/generic_focus_military_soviet_decorations.png,military,
GFX_Generic_National_Focus_Military_46,GFX_generic_focus_military_stand_down,gfx/interface/goals/generic/military/Generic_National_Focus_Military_46.png,gfx/interface/goals/generic/military/generic_focus_military_stand_down.png,military,
GFX_Generic_National_Focus_Military_15,GFX_generic_focus_military_sword_and_shield,gfx/interface/goals/generic/military/Generic_Diplomacy_1.png,gfx/interface/goals/generic/military/generic_focus_military_sword_and_shield.png,military,
GFX_Generic_National_Focus_Military_49,GFX_generic_focus_military_technical,gfx/interface/goals/generic/military/Generic_National_Focus_Military_49.png,gfx/interface/goals/generic/military/generic_focus_military_technical.png,military,
GFX_Generic_National_Focus_Military_18,GFX_generic_focus_military_transport_aircraft,gfx/interface/goals/generic/military/Generic_National_Focus_Military_18.png,gfx/interface/goals/generic/military/generic_focus_military_transport_aircraft.png,military,
GFX_Generic_National_Focus_Military_22,GFX_generic_focus_military_truck_convoy,gfx/interface/goals/generic/military/Generic_National_Focus_Military_22.png,gfx/interface/goals/generic/military/generic_focus_military_truck_convoy.png,military,
GFX_Generic_National_Focus_Military_45,GFX_generic_focus_military_un_peacekeepers,gfx/interface/goals/generic/military/Generic_National_Focus_Military_45.png,gfx/interface/goals/generic/military/generic_focus_military_un_peacekeepers.png,military,
GFX_Generic_National_Focus_Military_33,GFX_generic_focus_military_weapons_crate,gfx/interface/goals/generic/military/Generic_National_Focus_Military_33.png,gfx/interface/goals/generic/military/generic_focus_military_weapons_crate.png,military,
,,gfx/interface/goals/generic/military/Generic_Light_Tank.png,gfx/interface/goals/generic/military/generic_focus_military_light_tank.png,military,art only - sprite declared in another registry
,,gfx/interface/goals/generic/military/Generic_Asia_Police.png,gfx/interface/goals/generic/military/generic_focus_military_military_policeman.png,military,art only - sprite declared in another registry
,,gfx/interface/goals/generic/military/Generic_Tank.png,gfx/interface/goals/generic/military/generic_focus_military_tank_advance.png,military,art only - sprite declared in another registry
GFX_Generic_National_Focus_Other_2,GFX_generic_focus_other_ban_fascism,gfx/interface/goals/generic/other/Generic_National_Focus_Other_2.png,gfx/interface/goals/generic/other/generic_focus_other_ban_fascism.png,other,
GFX_Generic_National_Focus_Other_9,GFX_generic_focus_other_barbed_wire_and_blades,gfx/interface/goals/generic/other/Generic_National_Focus_Other_9.png,gfx/interface/goals/generic/other/generic_focus_other_barbed_wire_and_blades.png,other,
GFX_Generic_National_Focus_Other_4,GFX_generic_focus_other_blindfolded_prisoner,gfx/interface/goals/generic/other/Generic_National_Focus_Other_4.png,gfx/interface/goals/generic/other/generic_focus_other_blindfolded_prisoner.png,other,
GFX_Generic_National_Focus_Other_6,GFX_generic_focus_other_broadcast_warning,gfx/interface/goals/generic/other/Generic_National_Focus_Other_6.png,gfx/interface/goals/generic/other/generic_focus_other_broadcast_warning.png,other,
GFX_Generic_National_Focus_Other_5,GFX_generic_focus_other_hand_in_chains,gfx/interface/goals/generic/other/Generic_National_Focus_Other_5.png,gfx/interface/goals/generic/other/generic_focus_other_hand_in_chains.png,other,
GFX_Generic_National_Focus_Other_8,GFX_generic_focus_other_hands_releasing_doves,gfx/interface/goals/generic/other/Generic_National_Focus_Other_8.png,gfx/interface/goals/generic/other/generic_focus_other_hands_releasing_doves.png,other,
GFX_Generic_National_Focus_Other_7,GFX_generic_focus_other_incitement_to_murder,gfx/interface/goals/generic/other/Generic_National_Focus_Other_7.png,gfx/interface/goals/generic/other/generic_focus_other_incitement_to_murder.png,other,
GFX_icon_generic_intel,GFX_generic_focus_other_intelligence_report,gfx/interface/goals/generic/other/icon_generic_intel.png,gfx/interface/goals/generic/other/generic_focus_other_intelligence_report.png,other,
GFX_Generic_National_Focus_Other_10,GFX_generic_focus_other_refugee_boat,gfx/interface/goals/generic/other/Generic_National_Focus_Other_10.png,gfx/interface/goals/generic/other/generic_focus_other_refugee_boat.png,other,
GFX_icon_generic_skull,GFX_generic_focus_other_skull,gfx/interface/goals/generic/other/icon_generic_skull.png,gfx/interface/goals/generic/other/generic_focus_other_skull.png,other,
GFX_Generic_National_Focus_Other_1,GFX_generic_focus_other_the_moon,gfx/interface/goals/generic/other/Generic_National_Focus_Other_1.png,gfx/interface/goals/generic/other/generic_focus_other_the_moon.png,other,
GFX_Generic_National_Focus_Other_3,GFX_generic_focus_other_time_bomb,gfx/interface/goals/generic/other/Generic_National_Focus_Other_3.png,gfx/interface/goals/generic/other/generic_focus_other_time_bomb.png,other,
,,gfx/interface/goals/generic/other/Generic_Religion.png,gfx/interface/goals/generic/other/generic_focus_other_religious_procession.png,other,art only - sprite declared in another registry
GFX_Generic_National_Focus_Politics_3,GFX_generic_focus_politics_annulled_charter,gfx/interface/goals/generic/politics/Generic_National_Focus_Politics_3.png,gfx/interface/goals/generic/politics/generic_focus_politics_annulled_charter.png,politics,
GFX_Generic_National_Focus_Politics_45,GFX_generic_focus_politics_anti_communist_pact,gfx/interface/goals/generic/politics/Generic_National_Focus_Politics_45.png,gfx/interface/goals/generic/politics/generic_focus_politics_anti_communist_pact.png,politics,corrected from politics_anti_fascist_pact
GFX_Generic_National_Focus_Politics_51,GFX_generic_focus_politics_armed_communism,gfx/interface/goals/generic/politics/Generic_National_Focus_Politics_51.png,gfx/interface/goals/generic/politics/generic_focus_politics_armed_communism.png,politics,
GFX_Generic_National_Focus_Politics_15,GFX_generic_focus_politics_backroom_deal,gfx/interface/goals/generic/politics/Generic_National_Focus_Politics_15.png,gfx/interface/goals/generic/politics/generic_focus_politics_backroom_deal.png,politics,
GFX_Generic_National_Focus_Politics_2,GFX_generic_focus_politics_banned_publication,gfx/interface/goals/generic/politics/Generic_National_Focus_Politics_2.png,gfx/interface/goals/generic/politics/generic_focus_politics_banned_publication.png,politics,
GFX_Generic_National_Focus_Politics_26,GFX_generic_focus_politics_cabinet_meeting,gfx/interface/goals/generic/politics/Generic_National_Focus_Politics_26.png,gfx/interface/goals/generic/politics/generic_focus_politics_cabinet_meeting.png,politics,
GFX_Generic_National_Focus_Politics_39,GFX_generic_focus_politics_calling_the_ministry,gfx/interface/goals/generic/politics/Generic_National_Focus_Politics_39.png,gfx/interface/goals/generic/politics/generic_focus_politics_calling_the_ministry.png,politics,
GFX_Generic_National_Focus_Politics_38,GFX_generic_focus_politics_confidential_files,gfx/interface/goals/generic/politics/Generic_National_Focus_Politics_38.png,gfx/interface/goals/generic/politics/generic_focus_politics_confidential_files.png,politics,
GFX_Generic_National_Focus_Politics_37,GFX_generic_focus_politics_countdown_expired,gfx/interface/goals/generic/politics/Generic_National_Focus_Politics_37.png,gfx/interface/goals/generic/politics/generic_focus_politics_countdown_expired.png,politics,
GFX_Generic_National_Focus_Politics_36,GFX_generic_focus_politics_countdown_three,gfx/interface/goals/generic/politics/Generic_National_Focus_Politics_36.png,gfx/interface/goals/generic/politics/generic_focus_politics_countdown_three.png,politics,
GFX_Generic_National_Focus_Politics_28,GFX_generic_focus_politics_court_of_law,gfx/interface/goals/generic/politics/Generic_National_Focus_Politics_28.png,gfx/interface/goals/generic/politics/generic_focus_politics_court_of_law.png,politics,
GFX_Generic_National_Focus_Politics_44,GFX_generic_focus_politics_damage_control,gfx/interface/goals/generic/politics/Generic_National_Focus_Politics_44.png,gfx/interface/goals/generic/politics/generic_focus_politics_damage_control.png,politics,
GFX_Generic_National_Focus_Politics_29,GFX_generic_focus_politics_decree_and_telephone,gfx/interface/goals/generic/politics/Generic_National_Focus_Politics_29.png,gfx/interface/goals/generic/politics/generic_focus_politics_decree_and_telephone.png,politics,
GFX_Generic_National_Focus_Politics_33,GFX_generic_focus_politics_document_under_the_lamp,gfx/interface/goals/generic/politics/Generic_National_Focus_Politics_33.png,gfx/interface/goals/generic/politics/generic_focus_politics_document_under_the_lamp.png,politics,
GFX_Generic_National_Focus_Politics_17,GFX_generic_focus_politics_hammer_and_sickle,gfx/interface/goals/generic/politics/Generic_National_Focus_Politics_17.png,gfx/interface/goals/generic/politics/generic_focus_politics_hammer_and_sickle.png,politics,
GFX_icon_generic_communism,GFX_generic_focus_politics_hammer_and_sickle_wreath,gfx/interface/goals/generic/politics/icon_generic_communism.png,gfx/interface/goals/generic/politics/generic_focus_politics_hammer_and_sickle_wreath.png,politics,
GFX_Generic_National_Focus_Politics_11,GFX_generic_focus_politics_identity_papers,gfx/interface/goals/generic/politics/Generic_National_Focus_Politics_11.png,gfx/interface/goals/generic/politics/generic_focus_politics_identity_papers.png,politics,
GFX_Generic_National_Focus_Politics_6,GFX_generic_focus_politics_infiltrated_ministry,gfx/interface/goals/generic/politics/Generic_Government_Infiltration.png,gfx/interface/goals/generic/politics/generic_focus_politics_infiltrated_ministry.png,politics,
GFX_Generic_National_Focus_Politics_50,GFX_generic_focus_politics_maoist_machete,gfx/interface/goals/generic/politics/Generic_National_Focus_Politics_50.png,gfx/interface/goals/generic/politics/generic_focus_politics_maoist_machete.png,politics,corrected from politics_knife_in_the_party
GFX_Generic_National_Focus_Politics_27,GFX_generic_focus_politics_lady_justice,gfx/interface/goals/generic/politics/Generic_National_Focus_Politics_27.png,gfx/interface/goals/generic/politics/generic_focus_politics_lady_justice.png,politics,
GFX_Generic_National_Focus_Politics_43,GFX_generic_focus_politics_leaked_file,gfx/interface/goals/generic/politics/Generic_National_Focus_Politics_43.png,gfx/interface/goals/generic/politics/generic_focus_politics_leaked_file.png,politics,
GFX_Generic_National_Focus_Politics_23,GFX_generic_focus_politics_ministers_briefcase,gfx/interface/goals/generic/politics/Generic_National_Focus_Politics_23.png,gfx/interface/goals/generic/politics/generic_focus_politics_ministers_briefcase.png,politics,
GFX_icon_generic_molotov,GFX_generic_focus_politics_molotov_cocktail,gfx/interface/goals/generic/politics/icon_generic_molotov.png,gfx/interface/goals/generic/politics/generic_focus_politics_molotov_cocktail.png,politics,
GFX_Generic_National_Focus_Politics_30,GFX_generic_focus_politics_newspaper,gfx/interface/goals/generic/politics/Generic_National_Focus_Politics_30.png,gfx/interface/goals/generic/politics/generic_focus_politics_newspaper.png,politics,
GFX_Generic_National_Focus_Politics_13,GFX_generic_focus_politics_newsstand,gfx/interface/goals/generic/politics/Generic_National_Focus_Politics_13.png,gfx/interface/goals/generic/politics/generic_focus_politics_newsstand.png,politics,
GFX_Generic_National_Focus_Politics_52,GFX_generic_focus_politics_paperwork_and_telephone,gfx/interface/goals/generic/politics/Generic_National_Focus_Politics_52.png,gfx/interface/goals/generic/politics/generic_focus_politics_paperwork_and_telephone.png,politics,
GFX_icon_generic_politics,GFX_generic_focus_politics_parliament_handshake,gfx/interface/goals/generic/politics/icon_generic_politics.png,gfx/interface/goals/generic/politics/generic_focus_politics_parliament_handshake.png,politics,
GFX_Generic_National_Focus_Politics_42,GFX_generic_focus_politics_parliamentary_accord,gfx/interface/goals/generic/politics/Generic_National_Focus_Politics_42.png,gfx/interface/goals/generic/politics/generic_focus_politics_parliamentary_accord.png,politics,
GFX_Generic_National_Focus_Politics_1,GFX_generic_focus_politics_petition,gfx/interface/goals/generic/politics/Generic_National_Focus_Politics_1.png,gfx/interface/goals/generic/politics/generic_focus_politics_petition.png,politics,
GFX_Generic_National_Focus_Politics_19,GFX_generic_focus_politics_placeholder,,,politics,art lives outside goals/generic/ - sprite renamed only
GFX_Generic_National_Focus_Politics_49,GFX_generic_focus_politics_press_statement,gfx/interface/goals/generic/politics/Generic_National_Focus_Politics_49.png,gfx/interface/goals/generic/politics/generic_focus_politics_press_statement.png,politics,
GFX_Generic_National_Focus_Politics_14,GFX_generic_focus_politics_red_microphone,gfx/interface/goals/generic/politics/Generic_National_Focus_Politics_14.png,gfx/interface/goals/generic/politics/generic_focus_politics_red_microphone.png,politics,
GFX_Generic_National_Focus_Politics_25,GFX_generic_focus_politics_red_parliament,gfx/interface/goals/generic/politics/Generic_National_Focus_Politics_25.png,gfx/interface/goals/generic/politics/generic_focus_politics_red_parliament.png,politics,
GFX_Generic_National_Focus_Politics_4,GFX_generic_focus_politics_red_telephone,gfx/interface/goals/generic/politics/Generic_National_Focus_Politics_4.png,gfx/interface/goals/generic/politics/generic_focus_politics_red_telephone.png,politics,
GFX_Generic_National_Focus_Politics_53,GFX_generic_focus_politics_redrawing_the_map,gfx/interface/goals/generic/politics/Generic_National_Focus_Politics_53.png,gfx/interface/goals/generic/politics/generic_focus_politics_redrawing_the_map.png,politics,
GFX_Generic_National_Focus_Politics_10,GFX_generic_focus_politics_revolutionary_torch,gfx/interface/goals/generic/politics/Generic_National_Focus_Politics_10.png,gfx/interface/goals/generic/politics/generic_focus_politics_revolutionary_torch.png,politics,
GFX_Generic_National_Focus_Politics_5,GFX_generic_focus_politics_revolutionary_vanguard,gfx/interface/goals/generic/politics/Generic_Communism_1.png,gfx/interface/goals/generic/politics/generic_focus_politics_revolutionary_vanguard.png,politics,
GFX_icon_generic_scales,GFX_generic_focus_politics_scales,gfx/interface/goals/generic/politics/icon_generic_scales.png,gfx/interface/goals/generic/politics/generic_focus_politics_scales.png,politics,
GFX_Generic_National_Focus_Politics_40,GFX_generic_focus_politics_scales_in_the_wreath,gfx/interface/goals/generic/politics/Generic_National_Focus_Politics_40.png,gfx/interface/goals/generic/politics/generic_focus_politics_scales_in_the_wreath.png,politics,
GFX_Generic_National_Focus_Politics_22,GFX_generic_focus_politics_scales_over_the_statute,gfx/interface/goals/generic/politics/Generic_National_Focus_Politics_22.png,gfx/interface/goals/generic/politics/generic_focus_politics_scales_over_the_statute.png,politics,
GFX_Generic_National_Focus_Politics_18,GFX_generic_focus_politics_scrutinised_document,gfx/interface/goals/generic/politics/Generic_National_Focus_Politics_18.png,gfx/interface/goals/generic/politics/generic_focus_politics_scrutinised_document.png,politics,
GFX_Generic_National_Focus_Politics_7,GFX_generic_focus_politics_sealed_letter,gfx/interface/goals/generic/politics/Generic_Letter.png,gfx/interface/goals/generic/politics/generic_focus_politics_sealed_letter.png,politics,
GFX_Generic_National_Focus_Politics_41,GFX_generic_focus_politics_shift_in_the_assembly,gfx/interface/goals/generic/politics/Generic_National_Focus_Politics_41.png,gfx/interface/goals/generic/politics/generic_focus_politics_shift_in_the_assembly.png,politics,
GFX_Generic_National_Focus_Politics_12,GFX_generic_focus_politics_signed_decree,gfx/interface/goals/generic/politics/Generic_National_Focus_Politics_12.png,gfx/interface/goals/generic/politics/generic_focus_politics_signed_decree.png,politics,
GFX_Generic_National_Focus_Politics_9,GFX_generic_focus_politics_spy,gfx/interface/goals/generic/politics/Generic_Spy.png,gfx/interface/goals/generic/politics/generic_focus_politics_spy.png,politics,
GFX_Generic_National_Focus_Politics_34,GFX_generic_focus_politics_stamped_files,gfx/interface/goals/generic/politics/Generic_National_Focus_Politics_34.png,gfx/interface/goals/generic/politics/generic_focus_politics_stamped_files.png,politics,
GFX_Generic_National_Focus_Politics_47,GFX_generic_focus_politics_surveillance_file,gfx/interface/goals/generic/politics/Generic_National_Focus_Politics_47.png,gfx/interface/goals/generic/politics/generic_focus_politics_surveillance_file.png,politics,
GFX_Generic_National_Focus_Politics_46,GFX_generic_focus_politics_the_evidence,gfx/interface/goals/generic/politics/Generic_National_Focus_Politics_46.png,gfx/interface/goals/generic/politics/generic_focus_politics_the_evidence.png,politics,
GFX_Generic_National_Focus_Politics_35,GFX_generic_focus_politics_the_order,gfx/interface/goals/generic/politics/Generic_National_Focus_Politics_35.png,gfx/interface/goals/generic/politics/generic_focus_politics_the_order.png,politics,
GFX_Generic_National_Focus_Politics_24,GFX_generic_focus_politics_the_purge_broom,gfx/interface/goals/generic/politics/Generic_National_Focus_Politics_24.png,gfx/interface/goals/generic/politics/generic_focus_politics_the_purge_broom.png,politics,
GFX_Generic_National_Focus_Politics_8,GFX_generic_focus_politics_torch_of_liberty,gfx/interface/goals/generic/politics/Generic_Liberalism.png,gfx/interface/goals/generic/politics/generic_focus_politics_torch_of_liberty.png,politics,
GFX_Generic_National_Focus_Politics_32,GFX_generic_focus_politics_two_officials,gfx/interface/goals/generic/politics/Generic_National_Focus_Politics_32.png,gfx/interface/goals/generic/politics/generic_focus_politics_two_officials.png,politics,
GFX_Generic_National_Focus_Politics_31,GFX_generic_focus_politics_typewriter,gfx/interface/goals/generic/politics/Generic_National_Focus_Politics_31.png,gfx/interface/goals/generic/politics/generic_focus_politics_typewriter.png,politics,
GFX_Generic_National_Focus_Politics_48,GFX_generic_focus_politics_watching_the_left,gfx/interface/goals/generic/politics/Generic_National_Focus_Politics_48.png,gfx/interface/goals/generic/politics/generic_focus_politics_watching_the_left.png,politics,
GFX_Generic_National_Focus_Politics_20,GFX_generic_focus_politics_woman_in_red,gfx/interface/goals/generic/politics/Generic_National_Focus_Politics_20.png,gfx/interface/goals/generic/politics/generic_focus_politics_woman_in_red.png,politics,
GFX_Generic_National_Focus_Politics_16,GFX_generic_focus_politics_worker_with_hammer_and_sickle,gfx/interface/goals/generic/politics/Generic_National_Focus_Politics_16.png,gfx/interface/goals/generic/politics/generic_focus_politics_worker_with_hammer_and_sickle.png,politics,
GFX_Generic_National_Focus_Politics_21,GFX_generic_focus_politics_kmt_hammer_and_sickle,gfx/interface/goals/generic/politics/Generic_National_Focus_Politics_21.png,gfx/interface/goals/generic/politics/generic_focus_politics_kmt_hammer_and_sickle.png,politics,corrected from politics_workers_fist
,,gfx/interface/goals/generic/politics/DDR.png,gfx/interface/goals/generic/politics/generic_focus_politics_gdr_emblem.png,politics,art only - sprite declared in another registry
,,gfx/interface/goals/generic/politics/Generic_Government.png,gfx/interface/goals/generic/politics/generic_focus_politics_government_building.png,politics,art only - sprite declared in another registry
,,gfx/interface/goals/generic/politics/Generic_Nationalism.png,gfx/interface/goals/generic/politics/generic_focus_politics_nationalist_strongman.png,politics,art only - sprite declared in another registry
,,gfx/interface/goals/generic/politics/Generic_Communism.png,gfx/interface/goals/generic/politics/generic_focus_politics_heads_of_marxism.png,politics,art only - sprite declared in another registry
GFX_Generic_National_Focus_Production_5,GFX_generic_focus_production_smokestack_worker,gfx/interface/goals/generic/production/Generic_National_Focus_Production_5.png,gfx/interface/goals/generic/production/generic_focus_production_smokestack_worker.png,production,corrected from production_anvil
GFX_Generic_National_Focus_Production_22,GFX_generic_focus_production_computer_maintenance,gfx/interface/goals/generic/production/Generic_National_Focus_Production_22.png,gfx/interface/goals/generic/production/generic_focus_production_computer_maintenance.png,production,
GFX_Generic_National_Focus_Production_20,GFX_generic_focus_production_control_panel,gfx/interface/goals/generic/production/Generic_National_Focus_Production_20.png,gfx/interface/goals/generic/production/generic_focus_production_control_panel.png,production,
GFX_Generic_National_Focus_Production_10,GFX_generic_focus_production_crates_and_gears,gfx/interface/goals/generic/production/Generic_National_Focus_Production_10.png,gfx/interface/goals/generic/production/generic_focus_production_crates_and_gears.png,production,
GFX_Generic_National_Focus_Production_19,GFX_generic_focus_production_electronics_workshop,gfx/interface/goals/generic/production/Generic_National_Focus_Production_19.png,gfx/interface/goals/generic/production/generic_focus_production_electronics_workshop.png,production,
GFX_Generic_National_Focus_Production_1,GFX_generic_focus_production_factory_and_hardhat,gfx/interface/goals/generic/production/Generic_National_Focus_Production_1.png,gfx/interface/goals/generic/production/generic_focus_production_factory_and_hardhat.png,production,
GFX_Generic_National_Focus_Production_17,GFX_generic_focus_production_factory_press,gfx/interface/goals/generic/production/Generic_National_Focus_Production_17.png,gfx/interface/goals/generic/production/generic_focus_production_factory_press.png,production,
GFX_Generic_National_Focus_Production_2,GFX_generic_focus_production_fist_and_wrench,gfx/interface/goals/generic/production/Generic_Building_2.png,gfx/interface/goals/generic/production/generic_focus_production_fist_and_wrench.png,production,
GFX_Generic_National_Focus_Production_6,GFX_generic_focus_production_furnace_worker,gfx/interface/goals/generic/production/Generic_National_Focus_Production_6.png,gfx/interface/goals/generic/production/generic_focus_production_furnace_worker.png,production,
GFX_Generic_National_Focus_Production_14,GFX_generic_focus_production_glowing_ingot,gfx/interface/goals/generic/production/Generic_National_Focus_Production_14.png,gfx/interface/goals/generic/production/generic_focus_production_glowing_ingot.png,production,
GFX_Generic_National_Focus_Production_12,GFX_generic_focus_production_hammering_steel,gfx/interface/goals/generic/production/Generic_National_Focus_Production_12.png,gfx/interface/goals/generic/production/generic_focus_production_hammering_steel.png,production,
GFX_Generic_National_Focus_Production_3,GFX_generic_focus_production_lathe,gfx/interface/goals/generic/production/Generic_National_Focus_Production_3.png,gfx/interface/goals/generic/production/generic_focus_production_lathe.png,production,
GFX_Generic_National_Focus_Production_15,GFX_generic_focus_production_machine_part,gfx/interface/goals/generic/production/Generic_National_Focus_Production_15.png,gfx/interface/goals/generic/production/generic_focus_production_machine_part.png,production,
GFX_Generic_National_Focus_Production_8,GFX_generic_focus_production_machinery,gfx/interface/goals/generic/production/Generic_National_Focus_Production_8.png,gfx/interface/goals/generic/production/generic_focus_production_machinery.png,production,
GFX_Generic_National_Focus_Production_18,GFX_generic_focus_production_mine_shaft,gfx/interface/goals/generic/production/Generic_National_Focus_Production_18.png,gfx/interface/goals/generic/production/generic_focus_production_mine_shaft.png,production,
GFX_Generic_National_Focus_Production_13,GFX_generic_focus_production_molten_pour,gfx/interface/goals/generic/production/Generic_National_Focus_Production_13.png,gfx/interface/goals/generic/production/generic_focus_production_molten_pour.png,production,
GFX_icon_generic_black_gold,GFX_generic_focus_production_oil_barrel,gfx/interface/goals/generic/production/icon_generic_black_gold.png,gfx/interface/goals/generic/production/generic_focus_production_oil_barrel.png,production,
GFX_Generic_National_Focus_Production_21,GFX_generic_focus_production_spanners,gfx/interface/goals/generic/production/Generic_National_Focus_Production_21.png,gfx/interface/goals/generic/production/generic_focus_production_spanners.png,production,
GFX_Generic_National_Focus_Production_4,GFX_generic_focus_production_stacked_crates,gfx/interface/goals/generic/production/Generic_National_Focus_Production_4.png,gfx/interface/goals/generic/production/generic_focus_production_stacked_crates.png,production,
GFX_Generic_National_Focus_Production_9,GFX_generic_focus_production_steel_mill,gfx/interface/goals/generic/production/Generic_National_Focus_Production_9.png,gfx/interface/goals/generic/production/generic_focus_production_steel_mill.png,production,
GFX_Generic_National_Focus_Production_16,GFX_generic_focus_production_welding_mask,gfx/interface/goals/generic/production/Generic_Building_3.png,gfx/interface/goals/generic/production/generic_focus_production_welding_mask.png,production,
GFX_Generic_National_Focus_Production_7,GFX_generic_focus_production_work_brigade,gfx/interface/goals/generic/production/Generic_National_Focus_Production_7.png,gfx/interface/goals/generic/production/generic_focus_production_work_brigade.png,production,
GFX_Generic_National_Focus_Production_11,GFX_generic_focus_production_worker_with_arrow,gfx/interface/goals/generic/production/Generic_Worker.png,gfx/interface/goals/generic/production/generic_focus_production_worker_with_arrow.png,production,
GFX_icon_generic_medical,GFX_generic_focus_research_bandages,gfx/interface/goals/generic/research/icon_generic_medical.png,gfx/interface/goals/generic/research/generic_focus_research_bandages.png,research,
GFX_Generic_National_Focus_Research_23,GFX_generic_focus_research_biohazard,gfx/interface/goals/generic/research/Generic_National_Focus_Research_23.png,gfx/interface/goals/generic/research/generic_focus_research_biohazard.png,research,
GFX_Generic_National_Focus_Research_13,GFX_generic_focus_research_blueprints,gfx/interface/goals/generic/research/Generic_National_Focus_Research_13.png,gfx/interface/goals/generic/research/generic_focus_research_blueprints.png,research,
GFX_Generic_National_Focus_Research_17,GFX_generic_focus_research_civil_defence_manual,gfx/interface/goals/generic/research/Generic_National_Focus_Research_17.png,gfx/interface/goals/generic/research/generic_focus_research_civil_defence_manual.png,research,
GFX_Generic_National_Focus_Research_2,GFX_generic_focus_research_clock,gfx/interface/goals/generic/research/Generic_National_Focus_Research_2.png,gfx/interface/goals/generic/research/generic_focus_research_clock.png,research,
GFX_Generic_National_Focus_Research_6,GFX_generic_focus_research_cooling_towers,gfx/interface/goals/generic/research/Generic_National_Focus_Research_6.png,gfx/interface/goals/generic/research/generic_focus_research_cooling_towers.png,research,
GFX_Generic_National_Focus_Research_16,GFX_generic_focus_research_diagnostic_screen,gfx/interface/goals/generic/research/Generic_National_Focus_Research_16.png,gfx/interface/goals/generic/research/generic_focus_research_diagnostic_screen.png,research,
GFX_Generic_National_Focus_Research_21,GFX_generic_focus_research_failed_experiment,gfx/interface/goals/generic/research/Generic_National_Focus_Research_21.png,gfx/interface/goals/generic/research/generic_focus_research_failed_experiment.png,research,
GFX_Generic_National_Focus_Research_20,GFX_generic_focus_research_field_surgery,gfx/interface/goals/generic/research/Generic_National_Focus_Research_20.png,gfx/interface/goals/generic/research/generic_focus_research_field_surgery.png,research,
GFX_Generic_National_Focus_Research_3,GFX_generic_focus_research_flask_and_book,gfx/interface/goals/generic/research/Generic_National_Focus_Research_3.png,gfx/interface/goals/generic/research/generic_focus_research_flask_and_book.png,research,
GFX_Generic_National_Focus_Research_1,GFX_generic_focus_research_graduation,gfx/interface/goals/generic/research/Generic_National_Focus_Research_1.png,gfx/interface/goals/generic/research/generic_focus_research_graduation.png,research,
GFX_Generic_National_Focus_Research_4,GFX_generic_focus_research_hospital,gfx/interface/goals/generic/research/Generic_Hospital.png,gfx/interface/goals/generic/research/generic_focus_research_hospital.png,research,
GFX_Generic_National_Focus_Research_11,GFX_generic_focus_research_hourglass,gfx/interface/goals/generic/research/Generic_National_Focus_Research_11.png,gfx/interface/goals/generic/research/generic_focus_research_hourglass.png,research,
GFX_Generic_National_Focus_Research_14,GFX_generic_focus_research_lab_furnace,gfx/interface/goals/generic/research/Generic_National_Focus_Research_14.png,gfx/interface/goals/generic/research/generic_focus_research_lab_furnace.png,research,
GFX_Generic_National_Focus_Research_10,GFX_generic_focus_research_laboratory_clocks,gfx/interface/goals/generic/research/Generic_National_Focus_Research_10.png,gfx/interface/goals/generic/research/generic_focus_research_laboratory_clocks.png,research,
GFX_Generic_National_Focus_Research_15,GFX_generic_focus_research_medical_kit,gfx/interface/goals/generic/research/Generic_National_Focus_Research_15.png,gfx/interface/goals/generic/research/generic_focus_research_medical_kit.png,research,
GFX_Generic_National_Focus_Research_12,GFX_generic_focus_research_medical_texts,gfx/interface/goals/generic/research/Generic_National_Focus_Research_12.png,gfx/interface/goals/generic/research/generic_focus_research_medical_texts.png,research,
GFX_Generic_National_Focus_Research_18,GFX_generic_focus_research_nuclear_ban,gfx/interface/goals/generic/research/Generic_National_Focus_Research_18.png,gfx/interface/goals/generic/research/generic_focus_research_nuclear_ban.png,research,
GFX_Generic_National_Focus_Research_22,GFX_generic_focus_research_nuclear_reactor,gfx/interface/goals/generic/research/Generic_National_Focus_Research_22.png,gfx/interface/goals/generic/research/generic_focus_research_nuclear_reactor.png,research,
GFX_Generic_National_Focus_Research_7,GFX_generic_focus_research_physics_lecture,gfx/interface/goals/generic/research/Generic_National_Focus_Research_7.png,gfx/interface/goals/generic/research/generic_focus_research_physics_lecture.png,research,
GFX_Generic_National_Focus_Research_19,GFX_generic_focus_research_radiation_hazard,gfx/interface/goals/generic/research/Generic_National_Focus_Research_19.png,gfx/interface/goals/generic/research/generic_focus_research_radiation_hazard.png,research,
GFX_Generic_National_Focus_Research_9,GFX_generic_focus_research_soviet_scientist,gfx/interface/goals/generic/research/Generic_National_Focus_Research_9.png,gfx/interface/goals/generic/research/generic_focus_research_soviet_scientist.png,research,
GFX_Generic_National_Focus_Research_5,GFX_generic_focus_research_stacked_research,gfx/interface/goals/generic/research/Generic_National_Focus_Research_5.png,gfx/interface/goals/generic/research/generic_focus_research_stacked_research.png,research,
GFX_Generic_National_Focus_Research_8,GFX_generic_focus_research_the_university,gfx/interface/goals/generic/research/Generic_National_Focus_Research_8.png,gfx/interface/goals/generic/research/generic_focus_research_the_university.png,research,
GFX_Generic_National_Focus_Trading_11,GFX_generic_focus_trading_banana_trade,gfx/interface/goals/generic/trading/Generic_National_Focus_Trading_11.png,gfx/interface/goals/generic/trading/generic_focus_trading_banana_trade.png,trading,
GFX_Generic_National_Focus_Trading_8,GFX_generic_focus_trading_banned_produce,gfx/interface/goals/generic/trading/Generic_National_Focus_Trading_8.png,gfx/interface/goals/generic/trading/generic_focus_trading_banned_produce.png,trading,
GFX_Generic_National_Focus_Trading_15,GFX_generic_focus_trading_car_exports,gfx/interface/goals/generic/trading/Generic_National_Focus_Trading_15.png,gfx/interface/goals/generic/trading/generic_focus_trading_car_exports.png,trading,
GFX_Generic_National_Focus_Trading_10,GFX_generic_focus_trading_cash_crops,gfx/interface/goals/generic/trading/Generic_National_Focus_Trading_10.png,gfx/interface/goals/generic/trading/generic_focus_trading_cash_crops.png,trading,
GFX_Generic_National_Focus_Trading_3,GFX_generic_focus_trading_dockside_crates,gfx/interface/goals/generic/trading/Generic_National_Focus_Trading_3.png,gfx/interface/goals/generic/trading/generic_focus_trading_dockside_crates.png,trading,
GFX_Generic_National_Focus_Trading_12,GFX_generic_focus_trading_dollar_trade,gfx/interface/goals/generic/trading/Generic_National_Focus_Trading_12.png,gfx/interface/goals/generic/trading/generic_focus_trading_dollar_trade.png,trading,
GFX_Generic_National_Focus_Trading_7,GFX_generic_focus_trading_embargo_lock,gfx/interface/goals/generic/trading/Generic_National_Focus_Trading_7.png,gfx/interface/goals/generic/trading/generic_focus_trading_embargo_lock.png,trading,
GFX_Generic_National_Focus_Trading_16,GFX_generic_focus_trading_frozen_assets,gfx/interface/goals/generic/trading/Generic_National_Focus_Trading_16.png,gfx/interface/goals/generic/trading/generic_focus_trading_frozen_assets.png,trading,
GFX_Generic_National_Focus_Trading_14,GFX_generic_focus_trading_japanese_goods,gfx/interface/goals/generic/trading/Generic_National_Focus_Trading_14.png,gfx/interface/goals/generic/trading/generic_focus_trading_japanese_goods.png,trading,
GFX_Generic_National_Focus_Trading_2,GFX_generic_focus_trading_market_stall,gfx/interface/goals/generic/trading/Generic_Trade.png,gfx/interface/goals/generic/trading/generic_focus_trading_market_stall.png,trading,
GFX_Generic_National_Focus_Trading_1,GFX_generic_focus_trading_merchant_shipping,gfx/interface/goals/generic/trading/Generic_National_Focus_Trading_1.png,gfx/interface/goals/generic/trading/generic_focus_trading_merchant_shipping.png,trading,
GFX_Generic_National_Focus_Trading_5,GFX_generic_focus_trading_oil_barrels,gfx/interface/goals/generic/trading/Generic_National_Focus_Trading_5.png,gfx/interface/goals/generic/trading/generic_focus_trading_oil_barrels.png,trading,
GFX_Generic_National_Focus_Trading_9,GFX_generic_focus_trading_oil_drum,gfx/interface/goals/generic/trading/Generic_National_Focus_Trading_9.png,gfx/interface/goals/generic/trading/generic_focus_trading_oil_drum.png,trading,
GFX_Generic_National_Focus_Trading_6,GFX_generic_focus_trading_rubber,gfx/interface/goals/generic/trading/Generic_National_Focus_Trading_6.png,gfx/interface/goals/generic/trading/generic_focus_trading_rubber.png,trading,
GFX_Generic_National_Focus_Trading_4,GFX_generic_focus_trading_trade_agreement,gfx/interface/goals/generic/trading/Generic_National_Focus_Trading_4.png,gfx/interface/goals/generic/trading/generic_focus_trading_trade_agreement.png,trading,
GFX_Generic_National_Focus_Trading_13,GFX_generic_focus_trading_yen_trade,gfx/interface/goals/generic/trading/Generic_National_Focus_Trading_13.png,gfx/interface/goals/generic/trading/generic_focus_trading_yen_trade.png,trading,
GFX_Generic_National_Focus_USA_13,GFX_generic_focus_usa_american_aid_crates,gfx/interface/goals/generic/usa/Generic_National_Focus_USA_13.png,gfx/interface/goals/generic/usa/generic_focus_usa_american_aid_crates.png,usa,
GFX_Generic_National_Focus_USA_12,GFX_generic_focus_usa_american_automobile,gfx/interface/goals/generic/usa/Generic_National_Focus_USA_12.png,gfx/interface/goals/generic/usa/generic_focus_usa_american_automobile.png,usa,
GFX_Generic_National_Focus_USA_2,GFX_generic_focus_usa_american_broadcast,gfx/interface/goals/generic/usa/Generic_National_Focus_USA_2.png,gfx/interface/goals/generic/usa/generic_focus_usa_american_broadcast.png,usa,
GFX_Generic_National_Focus_USA_6,GFX_generic_focus_usa_american_hotline,gfx/interface/goals/generic/usa/Generic_National_Focus_USA_6.png,gfx/interface/goals/generic/usa/generic_focus_usa_american_hotline.png,usa,
GFX_Generic_National_Focus_USA_24,GFX_generic_focus_usa_american_justice,gfx/interface/goals/generic/usa/Generic_National_Focus_USA_24.png,gfx/interface/goals/generic/usa/generic_focus_usa_american_justice.png,usa,
GFX_Generic_National_Focus_USA_15,GFX_generic_focus_usa_american_money,gfx/interface/goals/generic/usa/Generic_National_Focus_USA_15.png,gfx/interface/goals/generic/usa/generic_focus_usa_american_money.png,usa,
GFX_Generic_National_Focus_USA_5,GFX_generic_focus_usa_american_soldiers,gfx/interface/goals/generic/usa/Generic_USA.png,gfx/interface/goals/generic/usa/generic_focus_usa_american_soldiers.png,usa,
GFX_Generic_National_Focus_USA_4,GFX_generic_focus_usa_anti_american_skull,gfx/interface/goals/generic/usa/Generic_Anti_America.png,gfx/interface/goals/generic/usa/generic_focus_usa_anti_american_skull.png,usa,
GFX_Generic_National_Focus_USA_22,GFX_generic_focus_usa_bill_passed,gfx/interface/goals/generic/usa/Generic_National_Focus_USA_22.png,gfx/interface/goals/generic/usa/generic_focus_usa_bill_passed.png,usa,
GFX_Generic_National_Focus_USA_23,GFX_generic_focus_usa_bill_rejected,gfx/interface/goals/generic/usa/Generic_National_Focus_USA_23.png,gfx/interface/goals/generic/usa/generic_focus_usa_bill_rejected.png,usa,
GFX_Generic_National_Focus_USA_7,GFX_generic_focus_usa_broadcast_studio,gfx/interface/goals/generic/usa/Generic_National_Focus_USA_7.png,gfx/interface/goals/generic/usa/generic_focus_usa_broadcast_studio.png,usa,
GFX_Generic_National_Focus_USA_18,GFX_generic_focus_usa_capitol_accord,gfx/interface/goals/generic/usa/Generic_National_Focus_USA_18.png,gfx/interface/goals/generic/usa/generic_focus_usa_capitol_accord.png,usa,
GFX_Generic_National_Focus_USA_19,GFX_generic_focus_usa_capitol_papers,gfx/interface/goals/generic/usa/Generic_National_Focus_USA_19.png,gfx/interface/goals/generic/usa/generic_focus_usa_capitol_papers.png,usa,
GFX_icon_generic_cia,GFX_generic_focus_usa_cia_seal,gfx/interface/goals/generic/usa/icon_generic_cia.png,gfx/interface/goals/generic/usa/generic_focus_usa_cia_seal.png,usa,
GFX_Generic_National_Focus_USA_14,GFX_generic_focus_usa_keep_it_quiet,gfx/interface/goals/generic/usa/Generic_National_Focus_USA_14.png,gfx/interface/goals/generic/usa/generic_focus_usa_keep_it_quiet.png,usa,
GFX_Generic_National_Focus_USA_10,GFX_generic_focus_usa_nixon,gfx/interface/goals/generic/usa/Nixon.png,gfx/interface/goals/generic/usa/generic_focus_usa_nixon.png,usa,
GFX_Generic_National_Focus_USA_20,GFX_generic_focus_usa_pacific_fleet,gfx/interface/goals/generic/usa/Generic_National_Focus_USA_20.png,gfx/interface/goals/generic/usa/generic_focus_usa_pacific_fleet.png,usa,
GFX_Generic_National_Focus_USA_1,GFX_generic_focus_usa_presidential_broadcast,gfx/interface/goals/generic/usa/Generic_National_Focus_USA_1.png,gfx/interface/goals/generic/usa/generic_focus_usa_presidential_broadcast.png,usa,
GFX_Generic_National_Focus_USA_21,GFX_generic_focus_usa_red_scare_podium,gfx/interface/goals/generic/usa/Generic_National_Focus_USA_21.png,gfx/interface/goals/generic/usa/generic_focus_usa_red_scare_podium.png,usa,
GFX_Generic_National_Focus_USA_9,GFX_generic_focus_usa_the_administration,gfx/interface/goals/generic/usa/Generic_National_Focus_USA_9.png,gfx/interface/goals/generic/usa/generic_focus_usa_the_administration.png,usa,
GFX_Generic_National_Focus_USA_17,GFX_generic_focus_usa_the_dollar,gfx/interface/goals/generic/usa/Generic_National_Focus_USA_17.png,gfx/interface/goals/generic/usa/generic_focus_usa_the_dollar.png,usa,
GFX_icon_generic_white_house,GFX_generic_focus_usa_the_white_house,gfx/interface/goals/generic/usa/icon_generic_white_house.png,gfx/interface/goals/generic/usa/generic_focus_usa_the_white_house.png,usa,
GFX_Generic_National_Focus_USA_3,GFX_generic_focus_usa_uncle_sam,gfx/interface/goals/generic/usa/Generic_National_Focus_USA_3.png,gfx/interface/goals/generic/usa/generic_focus_usa_uncle_sam.png,usa,
GFX_Generic_National_Focus_USA_16,GFX_generic_focus_usa_uncle_sam_pays,gfx/interface/goals/generic/usa/Generic_National_Focus_USA_16.png,gfx/interface/goals/generic/usa/generic_focus_usa_uncle_sam_pays.png,usa,
GFX_Generic_National_Focus_USA_11,GFX_generic_focus_usa_rejecting_uncle_sam,gfx/interface/goals/generic/usa/Generic_National_Focus_USA_11.png,gfx/interface/goals/generic/usa/generic_focus_usa_rejecting_uncle_sam.png,usa,corrected from usa_uncle_sam_stamp
GFX_Generic_National_Focus_USA_8,GFX_generic_focus_usa_washington_line,gfx/interface/goals/generic/usa/Generic_National_Focus_USA_8.png,gfx/interface/goals/generic/usa/generic_focus_usa_washington_line.png,usa,
,,gfx/interface/goals/generic/usa/icon_114.png,gfx/interface/goals/generic/usa/generic_focus_usa_american_funding.png,usa,art only - sprite declared in another registry
,,gfx/interface/goals/generic/usa/usa_fp_generic_congress_approve.png,gfx/interface/goals/generic/usa/generic_focus_usa_congress_approves.png,usa,art only - sprite declared in another registry
,,gfx/interface/goals/generic/usa/Biden_Presidency.png,gfx/interface/goals/generic/usa/generic_focus_usa_presidential_portrait.png,usa,art only - sprite declared in another registry
,,gfx/interface/goals/generic/usa/usa_fp_generic_weapon_increase.png,gfx/interface/goals/generic/usa/generic_focus_usa_weapons_buildup.png,usa,art only - sprite declared in another registry
GFX_Generic_National_Focus_USSR_11,GFX_generic_focus_ussr_bread_and_emblem,gfx/interface/goals/generic/ussr/Generic_National_Focus_USSR_11.png,gfx/interface/goals/generic/ussr/generic_focus_ussr_bread_and_emblem.png,ussr,
GFX_icon_generic_lenin,GFX_generic_focus_ussr_lenin,gfx/interface/goals/generic/ussr/icon_generic_lenin.png,gfx/interface/goals/generic/ussr/generic_focus_ussr_lenin.png,ussr,
GFX_Generic_National_Focus_USSR_1,GFX_generic_focus_ussr_moscow_handshake,gfx/interface/goals/generic/ussr/Generic_National_Focus_USSR_1.png,gfx/interface/goals/generic/ussr/generic_focus_ussr_moscow_handshake.png,ussr,
GFX_Generic_National_Focus_USSR_15,GFX_generic_focus_ussr_moscow_hotline,gfx/interface/goals/generic/ussr/Generic_National_Focus_USSR_15.png,gfx/interface/goals/generic/ussr/generic_focus_ussr_moscow_hotline.png,ussr,
GFX_Generic_National_Focus_USSR_14,GFX_generic_focus_ussr_moscow_line,gfx/interface/goals/generic/ussr/Generic_National_Focus_USSR_14.png,gfx/interface/goals/generic/ussr/generic_focus_ussr_moscow_line.png,ussr,
GFX_Generic_National_Focus_USSR_16,GFX_generic_focus_ussr_moscow_motorcade,gfx/interface/goals/generic/ussr/Generic_National_Focus_USSR_16.png,gfx/interface/goals/generic/ussr/generic_focus_ussr_moscow_motorcade.png,ussr,
GFX_Generic_National_Focus_USSR_8,GFX_generic_focus_ussr_red_typewriter,gfx/interface/goals/generic/ussr/Generic_National_Focus_USSR_8.png,gfx/interface/goals/generic/ussr/generic_focus_ussr_red_typewriter.png,ussr,
GFX_Generic_National_Focus_USSR_9,GFX_generic_focus_ussr_sino_soviet_treaty,,,ussr,art lives outside goals/generic/ - sprite renamed only
GFX_Generic_National_Focus_USSR_7,GFX_generic_focus_ussr_soviet_accord,gfx/interface/goals/generic/ussr/Generic_National_Focus_USSR_7.png,gfx/interface/goals/generic/ussr/generic_focus_ussr_soviet_accord.png,ussr,
GFX_Generic_National_Focus_USSR_3,GFX_generic_focus_ussr_soviet_aircraft,gfx/interface/goals/generic/ussr/Generic_Soviet_Planes.png,gfx/interface/goals/generic/ussr/generic_focus_ussr_soviet_aircraft.png,ussr,
GFX_Generic_National_Focus_USSR_13,GFX_generic_focus_ussr_soviet_decree,gfx/interface/goals/generic/ussr/Generic_National_Focus_USSR_13.png,gfx/interface/goals/generic/ussr/generic_focus_ussr_soviet_decree.png,ussr,
GFX_Generic_National_Focus_USSR_17,GFX_generic_focus_ussr_soviet_military_map,gfx/interface/goals/generic/ussr/Generic_National_Focus_USSR_17.png,gfx/interface/goals/generic/ussr/generic_focus_ussr_soviet_military_map.png,ussr,
GFX_Generic_National_Focus_USSR_6,GFX_generic_focus_ussr_soviet_ministry,gfx/interface/goals/generic/ussr/Generic_National_Focus_USSR_6.png,gfx/interface/goals/generic/ussr/generic_focus_ussr_soviet_ministry.png,ussr,
GFX_Generic_National_Focus_USSR_4,GFX_generic_focus_ussr_soviet_supplies,gfx/interface/goals/generic/ussr/Generic_Soviet_Trade.png,gfx/interface/goals/generic/ussr/generic_focus_ussr_soviet_supplies.png,ussr,
GFX_icon_generic_soviet_truck,GFX_generic_focus_ussr_soviet_truck,gfx/interface/goals/generic/ussr/icon_generic_soviet_truck.png,gfx/interface/goals/generic/ussr/generic_focus_ussr_soviet_truck.png,ussr,
GFX_Generic_National_Focus_USSR_12,GFX_generic_focus_ussr_soldier_calling_to_action,gfx/interface/goals/generic/ussr/Generic_National_Focus_USSR_12.png,gfx/interface/goals/generic/ussr/generic_focus_ussr_soldier_calling_to_action.png,ussr,corrected from ussr_soviet_woman_worker
GFX_Generic_National_Focus_USSR_5,GFX_generic_focus_ussr_stalin,gfx/interface/goals/generic/ussr/Generic_National_Focus_USSR_5.png,gfx/interface/goals/generic/ussr/generic_focus_ussr_stalin.png,ussr,
GFX_Generic_National_Focus_USSR_2,GFX_generic_focus_ussr_stalin_and_the_decree,gfx/interface/goals/generic/ussr/Generic_National_Focus_USSR_2.png,gfx/interface/goals/generic/ussr/generic_focus_ussr_stalin_and_the_decree.png,ussr,
GFX_Generic_National_Focus_USSR_10,GFX_generic_focus_ussr_the_kremlin,gfx/interface/goals/generic/ussr/Generic_National_Focus_USSR_10.png,gfx/interface/goals/generic/ussr/generic_focus_ussr_the_kremlin.png,ussr,
,,gfx/interface/goals/generic/ussr/Generic_Brezhnev_1.png,gfx/interface/goals/generic/ussr/generic_focus_ussr_brezhnev.png,ussr,art only - sprite declared in another registry
